{
	"credit": "Made with Blockbench",
	"textures": {
		"1": "skilltree:item/bone_quiver"
	},
	"elements": [
		{
			"from": [7, 0, 6],
			"to": [9, 10, 10],
			"rotation": {"angle": 0, "axis": "y", "origin": [8, 1, 8]},
			"faces": {
				"north": {"uv": [4, 0, 5, 5], "texture": "#1"},
				"east": {"uv": [0, 0, 2, 5], "texture": "#1"},
				"south": {"uv": [0, 5, 1, 10], "texture": "#1"},
				"west": {"uv": [2, 0, 4, 5], "texture": "#1"},
				"up": {"uv": [6, 2, 5, 0], "texture": "#1"},
				"down": {"uv": [2, 5, 1, 7], "texture": "#1"}
			}
		},
		{
			"name": "Arrow1",
			"from": [6, 8, 6.5],
			"to": [9, 14, 6.5],
			"rotation": {"angle": -22.5, "axis": "x", "origin": [9, 10.5, 7]},
			"faces": {
				"north": {"uv": [2, 5, 6.5, 7.5], "rotation": 90, "texture": "#1"},
				"east": {"uv": [0, 0, 1, 0], "rotation": 270, "texture": "#1"},
				"south": {"uv": [6.5, 5, 2, 7.5], "rotation": 270, "texture": "#1"},
				"west": {"uv": [0, 0, 1, 0], "rotation": 270, "texture": "#1"},
				"up": {"uv": [0, 0, 0, 6], "rotation": 270, "texture": "#1"},
				"down": {"uv": [0, 0, 0, 6], "rotation": 270, "texture": "#1"}
			}
		},
		{
			"name": "Arrow2",
			"from": [7.5, 8, 5],
			"to": [7.5, 14, 8],
			"rotation": {"angle": -22.5, "axis": "x", "origin": [9, 10.5, 7]},
			"faces": {
				"north": {"uv": [0, 0, 1, 0], "rotation": 270, "texture": "#1"},
				"east": {"uv": [6.5, 5, 2, 7.5], "rotation": 270, "texture": "#1"},
				"south": {"uv": [0, 0, 1, 0], "rotation": 270, "texture": "#1"},
				"west": {"uv": [2, 5, 6.5, 7.5], "rotation": 90, "texture": "#1"},
				"up": {"uv": [0, 0, 0, 6], "rotation": 180, "texture": "#1"},
				"down": {"uv": [0, 0, 0, 6], "texture": "#1"}
			}
		},
		{
			"name": "Arrow1",
			"from": [7, 7.5, 7.5],
			"to": [10, 13.5, 7.5],
			"rotation": {"angle": -22.5, "axis": "y", "origin": [9, 10.5, 7]},
			"faces": {
				"north": {"uv": [2, 5, 6.5, 7.5], "rotation": 90, "texture": "#1"},
				"east": {"uv": [0, 0, 1, 0], "rotation": 270, "texture": "#1"},
				"south": {"uv": [6.5, 5, 2, 7.5], "rotation": 270, "texture": "#1"},
				"west": {"uv": [0, 0, 1, 0], "rotation": 270, "texture": "#1"},
				"up": {"uv": [0, 0, 0, 6], "rotation": 270, "texture": "#1"},
				"down": {"uv": [0, 0, 0, 6], "rotation": 270, "texture": "#1"}
			}
		},
		{
			"name": "Arrow2",
			"from": [8.5, 7.5, 6],
			"to": [8.5, 13.5, 9],
			"rotation": {"angle": -22.5, "axis": "y", "origin": [9, 10.5, 7]},
			"faces": {
				"north": {"uv": [0, 0, 1, 0], "rotation": 270, "texture": "#1"},
				"east": {"uv": [6.5, 5, 2, 7.5], "rotation": 270, "texture": "#1"},
				"south": {"uv": [0, 0, 1, 0], "rotation": 270, "texture": "#1"},
				"west": {"uv": [2, 5, 6.5, 7.5], "rotation": 90, "texture": "#1"},
				"up": {"uv": [0, 0, 0, 6], "rotation": 180, "texture": "#1"},
				"down": {"uv": [0, 0, 0, 6], "texture": "#1"}
			}
		},
		{
			"from": [8, 0, 10],
			"to": [8, 10, 13],
			"faces": {
				"north": {"uv": [0, 0, 2, 10], "texture": "#1"},
				"east": {"uv": [7.5, 0, 6, 5], "texture": "#1"},
				"south": {"uv": [0, 0, 2, 10], "texture": "#1"},
				"west": {"uv": [6, 0, 7.5, 5], "texture": "#1"},
				"up": {"uv": [2, 3, 0, 0], "texture": "#1"},
				"down": {"uv": [2, 0, 0, 3], "texture": "#1"}
			}
		}
	],
	"display": {
		"thirdperson_righthand": {
			"rotation": [50, 0, 0],
			"translation": [0, 0, -2],
			"scale": [1.2, 1.2, 1.2]
		},
		"thirdperson_lefthand": {
			"rotation": [50, 0, 0],
			"translation": [0, 0, -2],
			"scale": [1.2, 1.2, 1.2]
		},
		"firstperson_righthand": {
			"translation": [0, 1, 0]
		},
		"firstperson_lefthand": {
			"translation": [0, 1, 0]
		},
		"ground": {
			"rotation": [0, 0, 90],
			"translation": [-2, 0, 0],
			"scale": [0.9, 0.9, 0.9]
		},
		"gui": {
			"rotation": [45, 45, 0],
			"translation": [0, 1, 0]
		},
		"fixed": {
			"rotation": [0, 90, 0],
			"translation": [0, 1.75, -0.75],
			"scale": [1.2, 1.2, 1.2]
		}
	},
	"groups": [
		0,
		{
			"name": "Arrow",
			"origin": [0, 0, 0],
			"color": 0,
			"children": [1, 2]
		},
		{
			"name": "Arrow",
			"origin": [0, 0, 0],
			"color": 0,
			"children": [3, 4]
		},
		5
	]
}