{
  "parent": "farmersdelight:item/mug",
  "textures": {
    "layer0": "abnormals_delight:item/passion_aloe_nectar"
  },
  "overrides": [
    {
      "predicate": {
        "eatinganimation:drinking": 1.0,
        "eatinganimation:drink": 0.35
      },
      "model": "eatinganimation:item/ad_passion_aloe_nectar_eating_0"
    },
    {
      "predicate": {
        "eatinganimation:drinking": 1.0,
        "eatinganimation:drink": 0.7
      },
      "model": "eatinganimation:item/ad_passion_aloe_nectar_eating_1"
    },
    {
      "predicate": {
        "eatinganimation:drinking": 1.0,
        "eatinganimation:drink": 0.9
      },
      "model": "eatinganimation:item/ad_passion_aloe_nectar_eating_2"
    }
  ]
}