{
    "providers": [

    { "type": "bitmap",
            "file": "minecraft:font/raid.png",
            "ascent": 13, "height": 52,
            "chars": ["\uE903"]
        },
	{ "type": "bitmap",
            "file": "minecraft:font/ferrous.png",
            "ascent": 13, "height": 52,
            "chars": ["\uE904"]
        },
	{ "type": "bitmap",
            "file": "minecraft:font/frostmaw.png",
            "ascent": 13, "height": 52,
            "chars": ["\uE905"]
        },
	{ "type": "bitmap",
            "file": "minecraft:font/wither.png",
            "ascent": 13, "height": 52,
            "chars": ["\uE906"]
        },
	{ "type": "bitmap",
            "file": "minecraft:font/enderdragon.png",
            "ascent": 13, "height": 52,
            "chars": ["\uE907"]
        },
    { "type": "bitmap",
            "file": "minecraft:font/ignis.png",
            "ascent": 18, "height": 64,
            "chars": ["\uE908"]
        },

    { "type": "bitmap",
            "file": "minecraft:font/voidworm.png",
            "ascent": 18, "height": 64,
            "chars": ["\uE909"]
        },
    { "type": "bitmap",
            "file": "minecraft:font/swampjaw.png",
            "ascent": 13, "height": 52,
            "chars": ["\uE910"]
        },
    { "type": "bitmap",
            "file": "minecraft:font/witherstorm.png",
            "ascent": 18, "height": 64,
            "chars": ["\uE911"]
        },
    { "type": "bitmap",
            "file": "minecraft:font/bellringer.png",
            "ascent": 13, "height": 52,
            "chars": ["\uE912"]
        },
    { "type": "bitmap",
            "file": "minecraft:font/nightlich.png",
            "ascent": 18, "height": 64,
            "chars": ["\uE913"]
        },
    { "type": "bitmap",
            "file": "minecraft:font/voidblossom.png",
            "ascent": 18, "height": 64,
            "chars": ["\uE914"]
        },
    { "type": "bitmap",
            "file": "minecraft:font/obsidilith.png",
            "ascent": 18, "height": 64,
            "chars": ["\uE915"]
        },
    { "type": "bitmap",
            "file": "minecraft:font/nethergauntlet.png",
            "ascent": 18, "height": 64,
            "chars": ["\uE916"]
        },
    {
        "type": "bitmap",
        "file": "minecraft:font/fire_class_icon.png",
        "ascent": 8,
        "height": 9,
        "chars": ["\uE000"]
},
{
        "type": "bitmap",
        "file": "minecraft:font/ice_class_icon.png",
        "ascent": 8,
        "height": 9,
        "chars": ["\uE001"]
},
{
        "type": "bitmap",
        "file": "minecraft:font/ender_class_icon.png",
        "ascent": 8,
        "height": 9,
        "chars": ["\uE002"]
},
{
        "type": "bitmap",
        "file": "minecraft:font/nature_class_icon.png",
        "ascent": 8,
        "height": 9,
        "chars": ["\uE003"]
},
{
        "type": "bitmap",
        "file": "minecraft:font/blood_class_icon.png",
        "ascent": 8,
        "height": 9,
        "chars": ["\uE004"]
},
{
        "type": "bitmap",
        "file": "minecraft:font/lightning_class_icon.png",
        "ascent": 8,
        "height": 9,
        "chars": ["\uE005"]
},
{
        "type": "bitmap",
        "file": "minecraft:font/holy_class_icon.png",
        "ascent": 8,
        "height": 9,
        "chars": ["\uE006"]
},
{
        "type": "bitmap",
        "file": "minecraft:font/evocation_class_icon.png",
        "ascent": 8,
        "height": 9,
        "chars": ["\uE007"]
},
{
    "type": "bitmap",
    "file": "minecraft:misc/helmet.png",
    "ascent": 8,
    "height": 16,
    "chars": [
        "\uefe1"
    ]
},
{
    "type": "bitmap",
    "file": "minecraft:misc/chestplate.png",
    "ascent": 8,
    "height": 16,
    "chars": [
        "\uefe2"
    ]
},
{
    "type": "bitmap",
    "file": "minecraft:misc/leggings.png",
    "ascent": 8,
    "height": 16,
    "chars": [
        "\uefe3"
    ]
},
{
    "type": "bitmap",
    "file": "minecraft:misc/boots.png",
    "ascent": 8,
    "height": 16,
    "chars": [
        "\uefe4"
    ]
},
{
    "type": "bitmap",
    "file": "minecraft:misc/sword.png",
    "ascent": 8,
    "height": 16,
    "chars": [
        "\uefe5"
    ]
},
{
    "type": "bitmap",
    "file": "minecraft:misc/pickaxe.png",
    "ascent": 8,
    "height": 16,
    "chars": [
        "\uefe6"
    ]
},
{
    "type": "bitmap",
    "file": "minecraft:misc/trident.png",
    "ascent": 8,
    "height": 16,
    "chars": [
        "\uefe7"
    ]
},
{
    "type": "bitmap",
    "file": "minecraft:misc/bow.png",
    "ascent": 8,
    "height": 16,
    "chars": [
        "\uefe8"
    ]
},
{
    "type": "bitmap",
    "file": "minecraft:misc/crosbow.png",
    "ascent": 8,
    "height": 16,
    "chars": [
        "\uefe9"
    ]
},
{
    "type": "bitmap",
    "file": "minecraft:misc/fishing.png",
    "ascent": 8,
    "height": 16,
    "chars": [
        "\ueef1"
    ]
},
{
    "type": "bitmap",
    "file": "minecraft:misc/star.png",
    "ascent": 8,
    "height": 16,
    "chars": [
        "\ueef2"
    ]
},
{
    "type": "bitmap",
    "file": "minecraft:misc/skull.png",
    "ascent": 8,
    "height": 16,
    "chars": [
        "\ueef3"
    ]
},
{
    "type":"bitmap",
	   "file":"minecraft:font/overworld.png",
	   "ascent":4,
	   "height":12,
	   "chars":["\u2C00"]
	 },
	 {
	   "type":"bitmap",
	   "file":"minecraft:font/overworld_ua.png",
	   "ascent":4,
	   "height":26,
	   "chars":["\u2C01"]
	 },
	 {
	   "type":"bitmap",
	   "file":"minecraft:font/nether.png",
	   "ascent":4,
	   "height":12,
	   "chars":["\u2C02"]
	 },
	 {
	   "type":"bitmap",
	   "file":"minecraft:font/nether_ua.png",
	   "ascent":4,
	   "height":13,
	   "chars":["\u2C03"]
	 },
	 {
	   "type":"bitmap",
	   "file":"minecraft:font/end.png",
	   "ascent":4,
	   "height":17,
	   "chars":["\u2C04"]
	 },
	 {
	   "type":"bitmap",
	   "file":"minecraft:font/end_ua.png",
	   "ascent":4,
	   "height":17,
	   "chars":["\u2C05"]
	 },
	 {
	   "type":"bitmap",
	   "file":"minecraft:font/bumblezone.png",
	   "ascent":4,
	   "height":12,
	   "chars":["\u2C06"]
	 },
	 {
	   "type":"bitmap",
	   "file":"minecraft:font/bumblezone_ua.png",
	   "ascent":4,
	   "height":12,
	   "chars":["\u2C07"]
	 },
	 {
	   "type":"bitmap",
	   "file":"minecraft:font/atum.png",
	   "ascent":4,
	   "height":12,
	   "chars":["\u2C08"]
	 },
	 {
	   "type":"bitmap",
	   "file":"minecraft:font/atum_ua.png",
	   "ascent":4,
	   "height":12,
	   "chars":["\u2C09"]
	 },
	 {
	   "type":"bitmap",
	   "file":"minecraft:font/afterlight.png",
	   "ascent":4,
	   "height":12,
	   "chars":["\u2C0A"]
	 },
	 {
	   "type":"bitmap",
	   "file":"minecraft:font/afterlight_ua.png",
	   "ascent":4,
	   "height":12,
	   "chars":["\u2C0B"]
	 },
	 {
	   "type":"bitmap",
	   "file":"minecraft:font/everbright.png",
	   "ascent":4,
	   "height":12,
	   "chars":["\u2C0C"]
	 },
	 {
	   "type":"bitmap",
	   "file":"minecraft:font/everbright_ua.png",
	   "ascent":4,
	   "height":12,
	   "chars":["\u2C0D"]
	 },
	 {
	   "type":"bitmap",
	   "file":"minecraft:font/everdawn.png",
	   "ascent":4,
	   "height":19,
	   "chars":["\u2C0E"]
	 },
	 {
	   "type":"bitmap",
	   "file":"minecraft:font/everdawn_ua.png",
	   "ascent":4,
	   "height":19,
	   "chars":["\u2C0F"]
	 },
	 {
	   "type":"bitmap",
	   "file":"minecraft:font/lost_city.png",
	   "ascent":4,
	   "height":12,
	   "chars":["\u2C10"]
	 },
	 {
	   "type":"bitmap",
	   "file":"minecraft:font/lost_city_ua.png",
	   "ascent":4,
	   "height":23,
	   "chars":["\u2C11"]
	 },
	 {
	   "type":"bitmap",
	   "file":"minecraft:font/mining_dimension.png",
	   "ascent":4,
	   "height":23,
	   "chars":["\u2C12"]
	 },
	 {
	   "type":"bitmap",
	   "file":"minecraft:font/mining_dimension_ua.png",
	   "ascent":4,
	   "height":12,
	   "chars":["\u2C13"]
	 },
	 {
	   "type":"bitmap",
	   "file":"minecraft:font/undergarden.png",
	   "ascent":4,
	   "height":14,
	   "chars":["\u2C14"]
	 },
	 {
	   "type":"bitmap",
	   "file":"minecraft:font/undergarden_ua.png",
	   "ascent":4,
	   "height":14,
	   "chars":["\u2C15"]
	 },
	 {
	   "type":"bitmap",
	   "file":"minecraft:font/twilight_forest.png",
	   "ascent":4,
	   "height":24,
	   "chars":["\u2C16"]
	 },
	 {
	   "type":"bitmap",
	   "file":"minecraft:font/twilight_forest_ua.png",
	   "ascent":4,
	   "height":23,
	   "chars":["\u2C17"]
	 },
	 {
	   "type":"bitmap",
	   "file":"minecraft:font/moon.png",
	   "ascent":4,
	   "height":12,
	   "chars":["\u2C18"]
	 },
	 {
	   "type":"bitmap",
	   "file":"minecraft:font/moon_ua.png",
	   "ascent":4,
	   "height":14,
	   "chars":["\u2C19"]
	 },
	 {
	   "type":"bitmap",
	   "file":"minecraft:font/nexus.png",
	   "ascent":4,
	   "height":13,
	   "chars":["\u2C1A"]
	 },
	 {
	   "type":"bitmap",
	   "file":"minecraft:font/nexus_ua.png",
	   "ascent":4,
	   "height":13,
	   "chars":["\u2C1B"]
	 },
	 {
	   "type":"bitmap",
	   "file":"minecraft:font/otherside.png",
	   "ascent":4,
	   "height":12,
	   "chars":["\u2C1C"]
	 },
	 {
	   "type":"bitmap",
	   "file":"minecraft:font/otherside_ua.png",
	   "ascent":4,
	   "height":12,
	   "chars":["\u2C1D"]
	 },
	 {
	   "type":"bitmap",
	   "file":"minecraft:font/glacio.png",
	   "ascent":4,
	   "height":12,
	   "chars":["\u2C1E"]
	 },
	 {
	   "type":"bitmap",
	   "file":"minecraft:font/glacio_ua.png",
	   "ascent":4,
	   "height":13,
	   "chars":["\u2C1F"]
	 },
	 {
	   "type":"bitmap",
	   "file":"minecraft:font/depths.png",
	   "ascent":4,
	   "height":12,
	   "chars":["\u2C20"]
	 },
	 {
	   "type":"bitmap",
	   "file":"minecraft:font/depths_ua.png",
	   "ascent":4,
	   "height":12,
	   "chars":["\u2C21"]
	 },
	 {
	   "type":"bitmap",
	   "file":"minecraft:font/aether.png",
	   "ascent":4,
	   "height":12,
	   "chars":["\u2C22"]
	 },
	 {
	   "type":"bitmap",
	   "file":"minecraft:font/aether_ua.png",
	   "ascent":4,
	   "height":12,
	   "chars":["\u2C23"]
	 },
	 {
	   "type":"bitmap",
	   "file":"minecraft:font/mars.png",
	   "ascent":4,
	   "height":12,
	   "chars":["\u2C24"]
	 },
	 {
	   "type":"bitmap",
	   "file":"minecraft:font/mars_ua.png",
	   "ascent":4,
	   "height":12,
	   "chars":["\u2C25"]
	 },
	 {
	   "type":"bitmap",
	   "file":"minecraft:font/venus.png",
	   "ascent":4,
	   "height":12,
	   "chars":["\u2C26"]
	 },
	 {
	   "type":"bitmap",
	   "file":"minecraft:font/venus_ua.png",
	   "ascent":4,
	   "height":12,
	   "chars":["\u2C27"]
	 },
	 {
	   "type":"bitmap",
	   "file":"minecraft:font/mercury.png",
	   "ascent":4,
	   "height":12,
	   "chars":["\u2C28"]
	 },
	 {
	   "type":"bitmap",
	   "file":"minecraft:font/mercury_ua.png",
	   "ascent":6,
	   "height":14,
	   "chars":["\u2C29"]
     }
    ]
}
