{
	"credit": "Made with Blockbench",
	"parent": "item/generated",
	"textures": {
		"layer0": "iceandfire:item/fishing_spear"
	},
	"display": {
		"thirdperson_righthand": {
			"rotation": [-2.75, -86.75, -57.5],
			"translation": [0, 7, 3],
			"scale": [1.7, 1.7, 0.85]
		},
		"thirdperson_lefthand": {
			"rotation": [0, 90, -55],
			"translation": [0, 2, 1],
			"scale": [1.7, 1.7, 0.85]
		},
		"firstperson_righthand": {
			"rotation": [-20, -90, 25],
			"translation": [1.13, 3.2, 2.26],
			"scale": [1.36, 1.36, 0.68]
		},
		"firstperson_lefthand": {
			"rotation": [-20, 90, -25],
			"translation": [1.13, 3.2, 2.26],
			"scale": [1.36, 1.36, 0.68]
		}
	}
}