{
  "multipart": [
    {
      "apply": {"model": "minecraft:block/leaves/acacia_leaves"},
      "when": {"persistent": "true"}
    },

	{"apply": {"model": "minecraft:block/leaves/acacia_leaves"}, "when": {"persistent": "false", "distance": "1"}},
	{"apply": {"model": "minecraft:block/leaves/acacia_leaves"}, "when": {"persistent": "false", "distance": "2"}},
	{"apply": {"model": "minecraft:block/leaves/acacia_leaves"}, "when": {"persistent": "false", "distance": "3"}},
	{"apply": {"model": "minecraft:block/leaves/acacia_leaves"}, "when": {"persistent": "false", "distance": "4"}},
	{"apply": {"model": "minecraft:block/leaves/acacia_leaves"}, "when": {"persistent": "false", "distance": "5"}},
	{"apply": {"model": "minecraft:block/leaves/acacia_leaves"}, "when": {"persistent": "false", "distance": "6"}},
	
	{"apply": {"model": "minecraft:block/leaves/acacia_leaves"}, "when": {"persistent": "false", "distance": "7"}}
  ]
}