{
    "targets": [
        "water",
        "translucent",
        "itemEntity",
        "particles",
        "clouds",
        "weather",
        "final",
        "swap",
        "swap2",
        "previous"
    ],
    "passes": [
        {
            "name": "transparency",
            "intarget": "minecraft:main",
            "outtarget": "final",
            "auxtargets": [
                {
                    "name": "DiffuseDepthSampler",
                    "id": "minecraft:main:depth"
                },
                {
                    "name": "TranslucentSampler",
                    "id": "translucent"
                },
                {
                    "name": "TranslucentDepthSampler",
                    "id": "translucent:depth"
                },
                {
                    "name": "ItemEntitySampler",
                    "id": "itemEntity"
                },
                {
                    "name": "ItemEntityDepthSampler",
                    "id": "itemEntity:depth"
                },
                {
                    "name": "ParticlesSampler",
                    "id": "particles"
                },
                {
                    "name": "ParticlesDepthSampler",
                    "id": "particles:depth"
                },
                {
                    "name": "CloudsSampler",
                    "id": "clouds"
                },
                {
                    "name": "CloudsDepthSampler",
                    "id": "clouds:depth"
                },
                {
                    "name": "WeatherSampler",
                    "id": "weather"
                },
                {
                    "name": "WeatherDepthSampler",
                    "id": "weather:depth"
                }
            ]
        },
        {
            "name": "blit",
            "intarget": "final",
            "outtarget": "minecraft:main"
        },
        {
            "name": "blit",
            "intarget": "minecraft:main",
            "outtarget": "swap"
        },
        {
            "name": "blit",
            "intarget": "swap",
            "outtarget": "swap2",
            "auxtargets": [
                {
                    "name": "BaseSampler",
                    "id": "minecraft:main"
                }
            ]
        },
        {
            "name": "color_convolve",
            "intarget": "swap2",
            "outtarget": "swap"
        },
        {
            "name": "blit",
            "intarget": "swap",
            "outtarget": "minecraft:main"
        },
        {
            "name": "blur",
            "intarget": "minecraft:main",
            "outtarget": "swap",
            "uniforms": [
                {
                    "name": "BlurDir",
                    "values": [ 0.1, 0.0 ]
                },
                {
                    "name": "Radius",
                    "values": [ 0.0 ]
                }
            ]
        },
        {
            "name": "blur",
            "intarget": "swap",
            "outtarget": "minecraft:main",
            "uniforms": [
                {
                    "name": "BlurDir",
                    "values": [ 0.0, 0.1 ]
                },
                {
                    "name": "Radius",
                    "values": [ 0.0 ]
                }
            ]
        },
        {
            "name": "blit",
            "intarget": "minecraft:main",
            "outtarget": "swap"
        },
        {
            "name": "phosphor",
            "intarget": "swap",
            "outtarget": "minecraft:main",
            "auxtargets": [
                {
                    "name": "PrevSampler",
                    "id": "previous"
                }
            ],
            "uniforms": [
                {
                    "name": "Phosphor",
                    "values": [ 0.0, 0.0, 0.0 ]
                }
            ]
        },
        {
            "name": "blit",
            "intarget": "minecraft:main",
            "outtarget": "previous"
        }
    ]
}
