{
	"credit": "Made with Blockbench",
	"parent": "item/bowl",
	"texture_size": [16, 12],
	"textures": {
		"2": "farmers3d:beef_stew",
		"particle": "farmers3d:beef_stew",
		"bowl": "farmers3d:bowl"
	},
	"elements": [
		{
			"name": "0",
			"from": [5, 0, 5],
			"to": [11, 1, 11],
			"rotation": {"angle": 0, "axis": "y", "origin": [7, 0, 8]},
			"faces": {
				"north": {"uv": [8, 7, 0, 8], "texture": "#bowl"},
				"east": {"uv": [7, 0, 8, 8], "rotation": 270, "texture": "#bowl"},
				"south": {"uv": [0, 0, 8, 1], "texture": "#bowl"},
				"west": {"uv": [0, 8, 1, 0], "rotation": 270, "texture": "#bowl"},
				"up": {"uv": [0, 0, 8, 8], "texture": "#bowl"},
				"down": {"uv": [8, 0, 16, 8], "texture": "#bowl", "cullface": "down"}
			}
		},
		{
			"name": "1",
			"from": [11, 1, 5],
			"to": [12, 4, 11],
			"rotation": {"angle": 0, "axis": "y", "origin": [14, 1, 8]},
			"faces": {
				"north": {"uv": [8, 12, 9, 15], "texture": "#bowl"},
				"east": {"uv": [16, 12, 8, 15], "texture": "#bowl"},
				"south": {"uv": [15, 12, 16, 15], "texture": "#bowl"},
				"west": {"uv": [0, 8.5, 8, 11], "texture": "#bowl"},
				"up": {"uv": [8, 12, 16, 11], "rotation": 270, "texture": "#bowl"},
				"down": {"uv": [8, 13, 0, 14], "rotation": 270, "texture": "#bowl"}
			}
		},
		{
			"name": "2",
			"from": [5, 1, 4],
			"to": [11, 4, 5],
			"rotation": {"angle": 0, "axis": "y", "origin": [8, 1, 2]},
			"faces": {
				"north": {"uv": [8, 11, 0, 14], "texture": "#bowl"},
				"east": {"uv": [7, 11, 8, 14], "texture": "#bowl"},
				"south": {"uv": [0, 8, 8, 11], "texture": "#bowl"},
				"west": {"uv": [0, 11, 1, 14], "texture": "#bowl"},
				"up": {"uv": [16, 8, 8, 9], "texture": "#bowl"},
				"down": {"uv": [0, 13, 8, 14], "texture": "#bowl"}
			}
		},
		{
			"name": "3",
			"from": [4, 1, 5],
			"to": [5, 4, 11],
			"rotation": {"angle": 0, "axis": "y", "origin": [2, 1, 8]},
			"faces": {
				"north": {"uv": [0, 11, 1, 14], "texture": "#bowl"},
				"east": {"uv": [8, 8, 0, 11], "texture": "#bowl"},
				"south": {"uv": [7, 11, 8, 14], "texture": "#bowl"},
				"west": {"uv": [0, 11, 8, 14], "texture": "#bowl"},
				"up": {"uv": [8, 9, 16, 10], "rotation": 270, "texture": "#bowl"},
				"down": {"uv": [0, 13, 8, 14], "rotation": 270, "texture": "#bowl"}
			}
		},
		{
			"name": "4",
			"from": [5, 1, 11],
			"to": [11, 4, 12],
			"rotation": {"angle": 0, "axis": "y", "origin": [8, 1, 14]},
			"faces": {
				"north": {"uv": [0, 8, 8, 11], "texture": "#bowl"},
				"east": {"uv": [15, 12, 16, 15], "texture": "#bowl"},
				"south": {"uv": [8, 12, 16, 15], "texture": "#bowl"},
				"west": {"uv": [8, 12, 9, 15], "texture": "#bowl"},
				"up": {"uv": [8, 10, 16, 11], "texture": "#bowl"},
				"down": {"uv": [0, 13, 8, 14], "texture": "#bowl"}
			}
		},
		{
			"name": "soup",
			"from": [5, 3.5, 5],
			"to": [11, 3.5, 11],
			"faces": {
				"up": {"uv": [0, 0, 6, 16], "texture": "#2"}
			}
		},
		{
			"name": "0",
			"from": [9.75, 3.5, 7.75],
			"to": [10.5, 3.95, 8.75],
			"rotation": {"angle": -22.5, "axis": "y", "origin": [9.75, 1.8, 7.75]},
			"faces": {
				"north": {"uv": [12, 5.33333, 13, 6.66667], "texture": "#2"},
				"east": {"uv": [14, 5.33333, 12, 6.66667], "texture": "#2"},
				"south": {"uv": [13, 5.33333, 14, 6.66667], "texture": "#2"},
				"west": {"uv": [12, 5.33333, 14, 6.66667], "texture": "#2"},
				"up": {"uv": [12, 4, 14, 5.33333], "texture": "#2"}
			}
		},
		{
			"name": "1",
			"from": [9.5, 3.5, 9.2],
			"to": [10.25, 3.75, 10.2],
			"rotation": {"angle": -45, "axis": "y", "origin": [9.5, 1.75, 9.2]},
			"faces": {
				"north": {"uv": [12, 4, 13, 5.33333], "texture": "#2"},
				"east": {"uv": [12, 5.33333, 14, 6.66667], "texture": "#2"},
				"south": {"uv": [12, 4, 13, 5.33333], "texture": "#2"},
				"west": {"uv": [14, 5.33333, 12, 6.66667], "texture": "#2"},
				"up": {"uv": [12, 4, 14, 5.33333], "texture": "#2"}
			}
		},
		{
			"name": "0",
			"from": [7.45, 3.495, 9.75],
			"to": [8.2, 4.15, 10.75],
			"rotation": {"angle": 22.5, "axis": "y", "origin": [6.7, 1.9, 11.25]},
			"faces": {
				"north": {"uv": [13, 1.33333, 14, 2.66667], "texture": "#2"},
				"east": {"uv": [15, 4, 14, 1.33333], "rotation": 270, "texture": "#2"},
				"south": {"uv": [13, 2.66667, 14, 4], "texture": "#2"},
				"west": {"uv": [13, 2.66667, 14, 0], "rotation": 270, "texture": "#2"},
				"up": {"uv": [12, 0, 13, 2.66667], "texture": "#2"}
			}
		},
		{
			"name": "1",
			"from": [6.25, 3.5, 5.75],
			"to": [7.25, 4.5, 6.75],
			"rotation": {"angle": 22.5, "axis": "x", "origin": [5.25, 3.5, 5.25]},
			"faces": {
				"north": {"uv": [13, 1.33333, 14, 2.66667], "texture": "#2"},
				"east": {"uv": [14, 0, 13, 2.66667], "rotation": 270, "texture": "#2"},
				"south": {"uv": [13, 0, 14, 1.33333], "texture": "#2"},
				"west": {"uv": [14, 1.33333, 13, 4], "rotation": 270, "texture": "#2"},
				"up": {"uv": [14, 0, 15, 2.66667], "texture": "#2"}
			}
		},
		{
			"name": "0",
			"from": [8.85, 2.75, 5.55],
			"to": [10.35, 4, 7.05],
			"rotation": {"angle": 22.5, "axis": "z", "origin": [8.35, 2, 5.55]},
			"faces": {
				"north": {"uv": [14, 8, 12, 9.33333], "texture": "#2"},
				"east": {"uv": [13, 6.66667, 14, 9.33333], "texture": "#2"},
				"south": {"uv": [12, 6.66667, 13, 9.33333], "texture": "#2"},
				"west": {"uv": [12, 8, 13, 10.66667], "texture": "#2"},
				"up": {"uv": [14, 8, 13, 6.66667], "rotation": 270, "texture": "#2"}
			}
		},
		{
			"name": "1",
			"from": [5.45, 3.75, 7.6],
			"to": [6.2, 4.85, 9.1],
			"rotation": {"angle": -22.5, "axis": "z", "origin": [4.45, 3.05, 7.6]},
			"faces": {
				"north": {"uv": [13, 6.66667, 14, 9.33333], "texture": "#2"},
				"east": {"uv": [12, 8, 13, 9.33333], "texture": "#2"},
				"south": {"uv": [13, 9.33333, 12, 6.66667], "texture": "#2"},
				"west": {"uv": [12, 9.33333, 13, 6.66667], "texture": "#2"},
				"up": {"uv": [13, 9.33333, 14, 8], "texture": "#2"}
			}
		},
		{
			"name": "2",
			"from": [7.6, 2.75, 7.8],
			"to": [8.6, 3.75, 9.3],
			"rotation": {"angle": -22.5, "axis": "x", "origin": [6.6, 2.75, 7.8]},
			"faces": {
				"north": {"uv": [12, 6.66667, 14, 8], "texture": "#2"},
				"east": {"uv": [12, 8, 13, 9.33333], "texture": "#2"},
				"south": {"uv": [12, 8, 14, 6.66667], "rotation": 270, "texture": "#2"},
				"west": {"uv": [12, 8, 13, 9.33333], "texture": "#2"},
				"up": {"uv": [13, 6.66667, 14, 8], "texture": "#2"}
			}
		}
	],
	"gui_light": "front",
	"groups": [
		{
			"name": "parts",
			"origin": [8, 8, 8],
			"color": 0,
			"nbt": "{}",
			"children": [
				{
					"name": "donburi",
					"origin": [7, 0, 8],
					"color": 0,
					"nbt": "{}",
					"children": [0, 1, 2, 3, 4]
				},
				5,
				{
					"name": "potato",
					"origin": [6.75, 2, 11.25],
					"color": 0,
					"nbt": "{}",
					"children": [6, 7]
				},
				{
					"name": "carrot",
					"origin": [6.75, 2, 11.25],
					"color": 0,
					"nbt": "{}",
					"children": [8, 9]
				},
				{
					"name": "beef",
					"origin": [6.75, 2, 11.25],
					"color": 0,
					"nbt": "{}",
					"children": [10, 11, 12]
				}
			]
		}
	]
}