{
	"credit": "Made with Blockbench",
	"parent": "farmers3d:thin_block",
	"textures": {
		"0": "farmers3d:beef_patty",
		"particle": "farmers3d:beef_patty"
	},
	"elements": [
		{
			"name": "0",
			"from": [4.5, 0, 4.5],
			"to": [11.5, 1.5, 11.5],
			"faces": {
				"north": {"uv": [14, 2, 16, 14], "rotation": 270, "texture": "#0"},
				"east": {"uv": [2, 16, 14, 14], "texture": "#0"},
				"south": {"uv": [0, 14, 2, 2], "rotation": 270, "texture": "#0"},
				"west": {"uv": [2, 0, 14, 2], "texture": "#0"},
				"up": {"uv": [2, 2, 14, 14], "rotation": 90, "texture": "#0"},
				"down": {"uv": [2, 2, 14, 14], "rotation": 270, "texture": "#0", "cullface": "down"}
			}
		},
		{
			"name": "1",
			"from": [4.5, 0.25, 11.5],
			"to": [11.5, 1.25, 12.5],
			"faces": {
				"east": {"uv": [14, 2, 16, 4], "texture": "#0"},
				"south": {"uv": [14, 2, 16, 14], "rotation": 270, "texture": "#0"},
				"west": {"uv": [14, 12, 16, 14], "rotation": 270, "texture": "#0"},
				"up": {"uv": [14, 2, 16, 14], "rotation": 270, "texture": "#0"},
				"down": {"uv": [14, 2, 16, 14], "rotation": 270, "texture": "#0"}
			}
		},
		{
			"name": "2",
			"from": [11.5, 0.25, 4.5],
			"to": [12.5, 1.25, 11.5],
			"faces": {
				"north": {"uv": [4, 0, 2, 2], "texture": "#0"},
				"east": {"uv": [2, 0, 14, 2], "texture": "#0"},
				"south": {"uv": [14, 0, 12, 2], "texture": "#0"},
				"up": {"uv": [2, 2, 14, 0], "rotation": 270, "texture": "#0"},
				"down": {"uv": [2, 2, 14, 0], "rotation": 270, "texture": "#0"}
			}
		},
		{
			"name": "3",
			"from": [4.5, 0.25, 3.5],
			"to": [11.5, 1.25, 4.5],
			"faces": {
				"north": {"uv": [0, 14, 2, 2], "rotation": 270, "texture": "#0"},
				"east": {"uv": [0, 12, 2, 14], "texture": "#0"},
				"west": {"uv": [0, 2, 2, 4], "rotation": 270, "texture": "#0"},
				"up": {"uv": [0, 2, 2, 14], "rotation": 270, "texture": "#0"},
				"down": {"uv": [0, 2, 2, 14], "rotation": 270, "texture": "#0"}
			}
		},
		{
			"name": "4",
			"from": [3.5, 0.25, 4.5],
			"to": [4.5, 1.25, 11.5],
			"faces": {
				"north": {"uv": [14, 14, 12, 16], "texture": "#0"},
				"south": {"uv": [4, 14, 2, 16], "texture": "#0"},
				"west": {"uv": [14, 14, 2, 16], "texture": "#0"},
				"up": {"uv": [2, 16, 14, 14], "rotation": 270, "texture": "#0"},
				"down": {"uv": [2, 16, 14, 14], "rotation": 270, "texture": "#0"}
			}
		}
	],
	"display": {
        "ground": {
            "rotation": [ 0, 0, 0 ],
            "translation": [ 0, 3, 0],
            "scale":[ 0.5, 0.5, 0.5 ]
        }
    },
	"groups": [
		{
			"name": "beef_patty",
			"origin": [0, 0, 0],
			"color": 0,
			"nbt": "{}",
			"children": [0, 1, 2, 3, 4]
		}
	]
}