{
	"credit": "Made with Blockbench",
	"parent": "farmers3d:3d_model",
	"texture_size": [32, 16],
	"textures": {
		"6": "farmers3d:cake_slice",
		"particle": "farmers3d:cake_slice"
	},
	"elements": [
		{
			"name": "strawberry_0",
			"from": [6.75, 7.25, 4.5],
			"to": [9.25, 8.75, 7],
			"rotation": {"angle": 0, "axis": "y", "origin": [7, 7.25, 4.75]},
			"faces": {
				"north": {"uv": [6, 13, 6.5, 15], "rotation": 270, "texture": "#6"},
				"east": {"uv": [6, 15, 7, 16], "rotation": 180, "texture": "#6"},
				"south": {"uv": [5.5, 16, 6.5, 15], "texture": "#6"},
				"west": {"uv": [5.5, 15, 6.5, 16], "rotation": 180, "texture": "#6"},
				"up": {"uv": [5.5, 14, 6.5, 16], "texture": "#6"}
			}
		},
		{
			"name": "strawberry_1",
			"from": [7.1, 8.75, 4.85],
			"to": [8.9, 10, 6.65],
			"rotation": {"angle": 0, "axis": "y", "origin": [7, 8.75, 4.75]},
			"faces": {
				"north": {"uv": [6, 13, 6.5, 15], "rotation": 270, "texture": "#6"},
				"east": {"uv": [6, 14, 7, 15], "rotation": 180, "texture": "#6"},
				"south": {"uv": [5.5, 13, 6, 15], "rotation": 270, "texture": "#6"},
				"west": {"uv": [6, 15, 7, 16], "rotation": 180, "texture": "#6"},
				"up": {"uv": [5.5, 14, 6.5, 16], "texture": "#6"}
			}
		},
		{
			"name": "cake_slice_1",
			"from": [5, 0, 2.75],
			"to": [11, 8, 11.75],
			"rotation": {"angle": 0, "axis": "y", "origin": [11, 13, 9.75]},
			"faces": {
				"north": {"uv": [11.5, 0, 15, 8], "texture": "#6"},
				"up": {"uv": [0.5, 9, 3.5, 0], "rotation": 180, "texture": "#6"},
				"down": {"uv": [4.5, 0, 7.5, 9], "rotation": 180, "texture": "#6", "cullface": "down"}
			}
		},
		{
			"name": "cake_slice_2",
			"from": [6.5, 7.99, 8.75],
			"to": [9.5, 7.99, 12.75],
			"rotation": {"angle": 0, "axis": "y", "origin": [9.5, 13, 9.75]},
			"faces": {
				"up": {"uv": [1, 9, 3, 6], "rotation": 180, "texture": "#6"}
			}
		},
		{
			"name": "cake_slice_3",
			"from": [6.5, 0.01, 8.75],
			"to": [9.5, 0.01, 12.75],
			"rotation": {"angle": 0, "axis": "y", "origin": [9.5, 5, 9.75]},
			"faces": {
				"down": {"uv": [5, 5, 7, 9], "rotation": 180, "texture": "#6"}
			}
		},
		{
			"name": "cake_slice_5",
			"from": [11, 0, 2.75],
			"to": [12, 8, 5.25],
			"rotation": {"angle": 0, "axis": "y", "origin": [10, 5, -0.25]},
			"faces": {
				"north": {"uv": [11, 0, 11.5, 8], "texture": "#6"},
				"up": {"uv": [3.5, 0, 4, 3], "texture": "#6"},
				"down": {"uv": [4, 3, 4.5, 0], "texture": "#6", "cullface": "down"}
			}
		},
		{
			"name": "cake_slice_6",
			"from": [4, 0, 2.75],
			"to": [5, 8, 5.25],
			"rotation": {"angle": 0, "axis": "y", "origin": [3, 5, -0.25]},
			"faces": {
				"north": {"uv": [15, 0, 15.5, 8], "texture": "#6"},
				"up": {"uv": [0, 0, 0.5, 3], "texture": "#6"},
				"down": {"uv": [7.5, 3, 8, 0], "texture": "#6", "cullface": "down"}
			}
		},
		{
			"name": "cake_slice_7",
			"from": [7.28556, -0.01, 12.29536],
			"to": [8.71436, 8, 13.29536],
			"rotation": {"angle": 0, "axis": "y", "origin": [4.03556, 5, 5.29536]},
			"faces": {
				"south": {"uv": [10.5, 8, 11, 16], "texture": "#6"},
				"up": {"uv": [0, 14, 0.5, 16], "texture": "#6"},
				"down": {"uv": [5, 14, 5.5, 12], "texture": "#6", "cullface": "down"}
			}
		},
		{
			"name": "cake_slice_8",
			"from": [9.94973, -0.01, -0.4426],
			"to": [10.94973, 8.01, 10.5574],
			"rotation": {"angle": -22.5, "axis": "y", "origin": [2.94973, 5, 6.3074]},
			"faces": {
				"north": {"uv": [10.5, 0, 11, 8], "texture": "#6"},
				"east": {"uv": [10.5, 8, 16, 16], "texture": "#6"},
				"up": {"uv": [0, 14, 5.5, 15], "rotation": 270, "texture": "#6"},
				"down": {"uv": [0, 13, 5.5, 12], "rotation": 270, "texture": "#6", "cullface": "down"}
			}
		},
		{
			"name": "cake_slice_9",
			"from": [6.19208, -0.01, 5.29765],
			"to": [7.19208, 8.01, 16.29765],
			"rotation": {"angle": 22.5, "axis": "y", "origin": [-0.80792, 5, 12.04765]},
			"faces": {
				"north": {"uv": [15.5, 0, 16, 8], "texture": "#6"},
				"west": {"uv": [16, 8, 10.5, 16], "texture": "#6"},
				"up": {"uv": [0, 15, 5.5, 16], "rotation": 270, "texture": "#6"},
				"down": {"uv": [0, 13, 5.5, 14], "rotation": 270, "texture": "#6", "cullface": "down"}
			}
		}
	],
	"gui_light": "front",
	"display": {
		"thirdperson_righthand": {
			"rotation": [75, 135, 0],
			"translation": [0, 2.75, 3.75],
			"scale": [0.5, 0.5, 0.5]
		},
		"firstperson_righthand": {
			"rotation": [180, -20, 180],
			"translation": [0, 4, 0]
		},
		"gui": {
			"rotation": [35, -40, 0],
			"translation": [-1.5, 2.5, 0]
		},
		"head": {
			"rotation": [-90, 0, 0],
			"translation": [0, 11.75, -4]
		},
		"fixed": {
			"rotation": [-90, 0, 0],
			"translation": [0, 0, -12],
			"scale": [1.5, 1.5, 1.5]
		}
	},
	"groups": [
		{
			"name": "parts",
			"origin": [8, 8, 8],
			"color": 0,
			"nbt": "{}",
			"children": [
				{
					"name": "strawberry",
					"origin": [8, 8, 8],
					"color": 0,
					"nbt": "{}",
					"children": [0, 1]
				},
				{
					"name": "cake_slice",
					"origin": [8, 8, 8],
					"color": 0,
					"nbt": "{}",
					"children": [
						2,
						{
							"name": "top",
							"origin": [8, 8, 8],
							"color": 0,
							"nbt": "{}",
							"children": [3]
						},
						{
							"name": "bottom",
							"origin": [8, 8, 8],
							"color": 0,
							"nbt": "{}",
							"children": [4]
						},
						5,
						6,
						7,
						8,
						9
					]
				}
			]
		}
	]
}