{
	"credit": "Made with Blockbench",
	"parent": "item/bowl",
	"texture_size": [8, 8],
	"textures": {
		"particle": "farmers3d:cooked_rice",
		"rice": "farmers3d:cooked_rice",
		"bowl": "farmers3d:bowl"
	},
	"elements": [
		{
			"name": "0",
			"from": [5, 0, 5],
			"to": [11, 1, 11],
			"rotation": {"angle": 0, "axis": "y", "origin": [7, 0, 8]},
			"faces": {
				"north": {"uv": [8, 7, 0, 8], "texture": "#bowl"},
				"east": {"uv": [7, 0, 8, 8], "rotation": 270, "texture": "#bowl"},
				"south": {"uv": [0, 0, 8, 1], "texture": "#bowl"},
				"west": {"uv": [0, 8, 1, 0], "rotation": 270, "texture": "#bowl"},
				"down": {"uv": [8, 0, 16, 8], "texture": "#bowl", "cullface": "down"}
			}
		},
		{
			"name": "1",
			"from": [11, 1, 5],
			"to": [12, 4, 11],
			"rotation": {"angle": 0, "axis": "y", "origin": [14, 1, 8]},
			"faces": {
				"north": {"uv": [8, 12, 9, 15], "texture": "#bowl"},
				"east": {"uv": [16, 12, 8, 15], "texture": "#bowl"},
				"south": {"uv": [15, 12, 16, 15], "texture": "#bowl"},
				"up": {"uv": [8, 12, 16, 11], "rotation": 270, "texture": "#bowl"},
				"down": {"uv": [8, 13, 0, 14], "rotation": 270, "texture": "#bowl"}
			}
		},
		{
			"name": "2",
			"from": [5, 1, 4],
			"to": [11, 4, 5],
			"rotation": {"angle": 0, "axis": "y", "origin": [8, 1, 2]},
			"faces": {
				"north": {"uv": [8, 11, 0, 14], "texture": "#bowl"},
				"east": {"uv": [7, 11, 8, 14], "texture": "#bowl"},
				"west": {"uv": [0, 11, 1, 14], "texture": "#bowl"},
				"up": {"uv": [16, 8, 8, 9], "texture": "#bowl"},
				"down": {"uv": [0, 13, 8, 14], "texture": "#bowl"}
			}
		},
		{
			"name": "3",
			"from": [4, 1, 5],
			"to": [5, 4, 11],
			"rotation": {"angle": 0, "axis": "y", "origin": [2, 1, 8]},
			"faces": {
				"north": {"uv": [0, 11, 1, 14], "texture": "#bowl"},
				"south": {"uv": [7, 11, 8, 14], "texture": "#bowl"},
				"west": {"uv": [0, 11, 8, 14], "texture": "#bowl"},
				"up": {"uv": [8, 9, 16, 10], "rotation": 270, "texture": "#bowl"},
				"down": {"uv": [0, 13, 8, 14], "rotation": 270, "texture": "#bowl"}
			}
		},
		{
			"name": "4",
			"from": [5, 1, 11],
			"to": [11, 4, 12],
			"rotation": {"angle": 0, "axis": "y", "origin": [8, 1, 14]},
			"faces": {
				"east": {"uv": [15, 12, 16, 15], "texture": "#bowl"},
				"south": {"uv": [8, 12, 16, 15], "texture": "#bowl"},
				"west": {"uv": [8, 12, 9, 15], "texture": "#bowl"},
				"up": {"uv": [8, 10, 16, 11], "texture": "#bowl"},
				"down": {"uv": [0, 13, 8, 14], "texture": "#bowl"}
			}
		},
		{
			"name": "0",
			"from": [5, 4, 5],
			"to": [11, 4.5, 11],
			"rotation": {"angle": 0, "axis": "y", "origin": [9, 1.5, 5]},
			"faces": {
				"north": {"uv": [0, 0, 16, 2], "texture": "#rice"},
				"east": {"uv": [14, 0, 16, 16], "rotation": 270, "texture": "#rice"},
				"south": {"uv": [0, 14, 16, 16], "texture": "#rice"},
				"west": {"uv": [0, 0, 2, 16], "rotation": 270, "texture": "#rice"},
				"up": {"uv": [0, 0, 16, 16], "texture": "#rice"}
			}
		},
		{
			"name": "1",
			"from": [5.5, 4.5, 5.5],
			"to": [10.5, 5.25, 10.5],
			"rotation": {"angle": 0, "axis": "y", "origin": [9, 2.5, 5]},
			"faces": {
				"north": {"uv": [2, 2, 14, 4], "texture": "#rice"},
				"east": {"uv": [12, 2, 14, 14], "rotation": 270, "texture": "#rice"},
				"south": {"uv": [2, 12, 14, 14], "texture": "#rice"},
				"west": {"uv": [2, 2, 4, 14], "rotation": 270, "texture": "#rice"},
				"up": {"uv": [2, 2, 14, 14], "texture": "#rice"}
			}
		}
	],
	"gui_light": "front",
	"overrides": [
		{"predicate": {"custom_model_data": 1}, "model": "farmers3d:flat_bowl"}
	],
	"groups": [
		{
			"name": "donburi",
			"origin": [7, 0, 8],
			"color": 0,
			"nbt": "{}",
			"children": [0, 1, 2, 3, 4]
		},
		{
			"name": "rice",
			"origin": [8, 8, 8],
			"color": 0,
			"nbt": "{}",
			"children": [5, 6]
		}
	]
}