{
	"credit": "Made with Blockbench",
	"textures": {
		"0": "farmers3d:ham",
		"particle": "farmers3d:ham"
	},
	"elements": [
		{
			"name": "ham",
			"from": [4, 0, 4],
			"to": [12, 8, 12],
			"faces": {
				"north": {"uv": [0, 0, 8, 8], "texture": "#0"},
				"east": {"uv": [8, 8, 16, 0], "rotation": 270, "texture": "#0"},
				"south": {"uv": [8, 8, 16, 16], "texture": "#0"},
				"west": {"uv": [8, 0, 16, 8], "rotation": 270, "texture": "#0"},
				"up": {"uv": [8, 0, 16, 8], "texture": "#0"},
				"down": {"uv": [8, 8, 16, 0], "texture": "#0", "cullface": "down"}
			}
		},
		{
			"name": "bone",
			"from": [7, 3, 12],
			"to": [9, 5, 16],
			"faces": {
				"east": {"uv": [6, 8, 2, 10], "texture": "#0"},
				"south": {"uv": [0, 8, 2, 10], "texture": "#0", "cullface": "south"},
				"west": {"uv": [2, 8, 6, 10], "texture": "#0"},
				"up": {"uv": [0, 10, 2, 14], "texture": "#0"},
				"down": {"uv": [0, 14, 2, 10], "texture": "#0"}
			}
		}
	],
	"gui_light": "front",
	"display": {
		"thirdperson_righthand": {
			"rotation": [90, 0, 0],
			"translation": [0, 3.25, 3],
			"scale": [0.5, 0.5, 0.5]
		},
		"firstperson_righthand": {
			"rotation": [90, 0, 0],
			"translation": [0, 5.75, 2.5]
		},
		"ground": {
			"translation": [0, 3, 0],
			"scale": [0.5, 0.5, 0.5]
		},
		"gui": {
			"rotation": [102, 10, 45],
			"translation": [-2.75, 0.25, 4.75]
		},
		"head": {
			"rotation": [15.56, -60, 20],
			"translation": [6.5, 0.75, -9.75]
		},
		"fixed": {
			"rotation": [90, 0, 0],
			"translation": [0, 4, 0],
			"scale": [2, 2, 2]
		}
	},
	"groups": [
		{
			"name": "parts",
			"origin": [0, 0, 0],
			"color": 0,
			"nbt": "{}",
			"children": [0, 1]
		}
	]
}