{
	"credit": "Made with Blockbench",
	"parent": "farmers3d:thin_block",
	"texture_size": [24, 16],
	"textures": {
		"1": "farmers3d:hamburger",
		"particle": "farmersdelight:item/hamburger"
	},
	"elements": [
		{
			"name": "0",
			"from": [-0.5, 3.051, 8.5],
			"to": [2.5, 3.451, 11.5],
			"rotation": {"angle": 22.5, "axis": "y", "origin": [0, 0.55, 0]},
			"faces": {
				"north": {"uv": [0, 8, 5.33333, 9], "texture": "#1"},
				"east": {"uv": [0.66667, 16, 0, 8], "rotation": 270, "texture": "#1"},
				"south": {"uv": [0, 15, 5.33333, 16], "texture": "#1"},
				"west": {"uv": [4.66667, 16, 5.33333, 8], "rotation": 270, "texture": "#1"},
				"up": {"uv": [0, 8, 5.33333, 16], "texture": "#1"},
				"down": {"uv": [0, 8, 5.33333, 16], "texture": "#1"}
			}
		},
		{
			"name": "1",
			"from": [8.75, 3.051, 7.75],
			"to": [12.75, 3.451, 11.75],
			"rotation": {"angle": 0, "axis": "y", "origin": [0, 0.55, 0]},
			"faces": {
				"north": {"uv": [0, 8, 5.33333, 9], "texture": "#1"},
				"east": {"uv": [0.66667, 16, 0, 8], "rotation": 270, "texture": "#1"},
				"south": {"uv": [0, 15, 5.33333, 16], "texture": "#1"},
				"west": {"uv": [4.66667, 16, 5.33333, 8], "rotation": 270, "texture": "#1"},
				"up": {"uv": [0, 8, 5.33333, 16], "texture": "#1"},
				"down": {"uv": [0, 8, 5.33333, 16], "texture": "#1"}
			}
		},
		{
			"name": "2",
			"from": [7.5, 3.051, -0.5],
			"to": [11, 3.451, 3],
			"rotation": {"angle": -22.5, "axis": "y", "origin": [0, 0.55, 0]},
			"faces": {
				"north": {"uv": [0, 8, 5.33333, 9], "texture": "#1"},
				"east": {"uv": [0.66667, 16, 0, 8], "rotation": 270, "texture": "#1"},
				"south": {"uv": [0, 15, 5.33333, 16], "texture": "#1"},
				"west": {"uv": [4.66667, 16, 5.33333, 8], "rotation": 270, "texture": "#1"},
				"up": {"uv": [0, 8, 5.33333, 16], "texture": "#1"},
				"down": {"uv": [0, 8, 5.33333, 16], "texture": "#1"}
			}
		},
		{
			"name": "cabbage",
			"from": [-5.35, 3.05, 6.9],
			"to": [4.65, 3.05, 16.9],
			"rotation": {"angle": 45, "axis": "y", "origin": [0, -0.45, 0]},
			"faces": {
				"up": {"uv": [5.33333, 8, 10.66667, 16], "rotation": 90, "texture": "#1"},
				"down": {"uv": [5.33333, 16, 10.66667, 8], "rotation": 270, "texture": "#1"}
			}
		},
		{
			"name": "0",
			"from": [4.2, 1.5, 4.2],
			"to": [11.8, 3, 11.8],
			"rotation": {"angle": 0, "axis": "y", "origin": [0, -0.5, 0]},
			"faces": {
				"north": {"uv": [10.66667, 8, 16, 10], "texture": "#1"},
				"east": {"uv": [10.66667, 10, 16, 12], "texture": "#1"},
				"south": {"uv": [10.66667, 8, 16, 10], "texture": "#1"},
				"west": {"uv": [10.66667, 10, 16, 12], "texture": "#1"},
				"up": {"uv": [5.33333, 0, 10.66667, 8], "texture": "#1"}
			}
		},
		{
			"name": "0",
			"from": [4.25, 5.95, 4.25],
			"to": [11.75, 6.95, 11.75],
			"rotation": {"angle": 0, "axis": "y", "origin": [0, -0.3, 0]},
			"faces": {
				"north": {"uv": [16, 12, 10.66667, 13], "texture": "#1"},
				"east": {"uv": [16, 12, 10.66667, 13], "texture": "#1"},
				"south": {"uv": [10.66667, 12, 16, 13], "texture": "#1"},
				"west": {"uv": [10.66667, 12, 16, 13], "texture": "#1"},
				"up": {"uv": [0, 0, 5.33333, 8], "texture": "#1"}
			}
		},
		{
			"name": "1",
			"from": [4, 3.45, 4],
			"to": [12, 5.95, 12],
			"rotation": {"angle": 0, "axis": "y", "origin": [0, -0.3, 0]},
			"faces": {
				"north": {"uv": [16, 13, 10.66667, 16], "texture": "#1"},
				"east": {"uv": [10.66667, 13, 16, 16], "texture": "#1"},
				"south": {"uv": [16, 13, 10.66667, 16], "texture": "#1"},
				"west": {"uv": [10.66667, 13, 16, 16], "texture": "#1"},
				"up": {"uv": [0, 0, 5.33333, 8], "texture": "#1"},
				"down": {"uv": [0, 8, 5.33333, 0], "texture": "#1"}
			}
		},
		{
			"name": "0",
			"from": [4, 0, 4],
			"to": [12, 1.5, 12],
			"rotation": {"angle": 0, "axis": "y", "origin": [0.25, -0.5, 0.25]},
			"faces": {
				"north": {"uv": [10.66667, 6, 16, 8], "texture": "#1"},
				"east": {"uv": [10.66667, 6, 16, 8], "texture": "#1"},
				"south": {"uv": [16, 6, 10.66667, 8], "texture": "#1"},
				"west": {"uv": [10.66667, 6, 16, 8], "texture": "#1"},
				"up": {"uv": [0, 0, 5.33333, 8], "rotation": 180, "texture": "#1"},
				"down": {"uv": [0, 8, 5.33333, 0], "rotation": 180, "texture": "#1", "cullface": "down"}
			}
		},
		{
			"name": "0",
			"from": [4.6, 3.5, 11.35],
			"to": [5.6, 3.5, 12.35],
			"rotation": {"angle": 0, "axis": "y", "origin": [0, -0.35, -0.4]},
			"faces": {
				"up": {"uv": [0, 14, 1.33333, 15], "rotation": 270, "texture": "#1"},
				"down": {"uv": [2, 15, 3, 14], "texture": "#1"}
			}
		},
		{
			"name": "1",
			"from": [4.6, 1.5, 12.35],
			"to": [5.6, 3.5, 12.35],
			"rotation": {"angle": 0, "axis": "y", "origin": [0, -0.35, -0.4]},
			"faces": {
				"north": {"uv": [2, 14, 0, 15], "rotation": 270, "texture": "#1"},
				"east": {"uv": [0, 0, 0, 0], "texture": "#1"},
				"south": {"uv": [3.33333, 14, 4.66667, 15], "rotation": 270, "texture": "#1"},
				"west": {"uv": [0, 0, 0, 0], "texture": "#1"},
				"up": {"uv": [0, 0, 0, 0], "texture": "#1"},
				"down": {"uv": [0, 0, 0, 0], "texture": "#1"}
			}
		},
		{
			"name": "1",
			"from": [11.63756, 0.81162, 4.2],
			"to": [11.63756, 2.31162, 11.8],
			"rotation": {"angle": 22.5, "axis": "z", "origin": [9.73756, 3.11162, 10.5]},
			"faces": {
				"east": {"uv": [10.66667, 0, 16, 4], "texture": "#1"},
				"west": {"uv": [10.66667, 0, 16, 4], "texture": "#1"}
			}
		},
		{
			"name": "2",
			"from": [4.65078, 2.2662, 4.2],
			"to": [4.65078, 3.7662, 11.8],
			"rotation": {"angle": -22.5, "axis": "z", "origin": [2.75078, 4.5662, 10.5]},
			"faces": {
				"east": {"uv": [10.66667, 0, 16, 4], "texture": "#1"},
				"west": {"uv": [10.66667, 0, 16, 4], "texture": "#1"}
			}
		},
		{
			"name": "3",
			"from": [4.2, 0.77374, 4.35391],
			"to": [11.8, 2.27374, 4.35391],
			"rotation": {"angle": 22.5, "axis": "x", "origin": [10.5, 3.07374, 6.35391]},
			"faces": {
				"north": {"uv": [10.66667, 0, 16, 4], "texture": "#1"},
				"south": {"uv": [10.66667, 0, 16, 4], "texture": "#1"}
			}
		},
		{
			"name": "4",
			"from": [4.2, 2.30409, 11.34069],
			"to": [11.8, 3.80409, 11.34069],
			"rotation": {"angle": -22.5, "axis": "x", "origin": [10.5, 4.60409, 13.34069]},
			"faces": {
				"north": {"uv": [10.66667, 0, 16, 4], "texture": "#1"},
				"south": {"uv": [10.66667, 0, 16, 4], "texture": "#1"}
			}
		}
	],
	"display": {
		"ground": {
			"translation": [0, 3, 0],
			"scale": [0.5, 0.5, 0.5]
		},
		"head": {
			"rotation": [0, 180, 0],
			"translation": [0, 16, 0],
			"scale": [3, 3, 3]
		}
	},
	"groups": [
		{
			"name": "parts",
			"origin": [0, 0, 0],
			"color": 0,
			"nbt": "{}",
			"children": [
				{
					"name": "sliced_tomato",
					"origin": [8, 8, 8],
					"color": 0,
					"nbt": "{}",
					"children": [0, 1, 2]
				},
				3,
				{
					"name": "beef_patty",
					"origin": [0, 0, 0],
					"color": 0,
					"nbt": "{}",
					"children": [4]
				},
				{
					"name": "Upper_buns",
					"origin": [8, 8, 8],
					"color": 0,
					"nbt": "{}",
					"children": [5, 6]
				},
				{
					"name": "Lower_buns",
					"origin": [8, 8, 8],
					"color": 0,
					"nbt": "{}",
					"children": [7]
				},
				{
					"name": "ketchup",
					"origin": [8, 8, 8],
					"color": 0,
					"nbt": "{}",
					"children": [8, 9]
				}
			]
		},
		{
			"name": "cheese",
			"origin": [8, 8, 8],
			"color": 0,
			"nbt": "{}",
			"children": [10, 10, 11, 12, 13]
		}
	]
}