{
	"credit": "Made with Blockbench",
	"parent": "block/block",
	"texture_size": [4, 7],
	"textures": {
		"0": "farmers3d:salmon_roll",
		"particle": "farmers3d:salmon_roll"
	},
	"elements": [
		{
			"name": "salmon_roll",
			"from": [7, 0, 5.5],
			"to": [9, 2, 10.5],
			"rotation": {"angle": 0, "axis": "y", "origin": [2, 0, 0.5]},
			"faces": {
				"north": {"uv": [0, 11.42857, 8, 16], "texture": "#0"},
				"east": {"uv": [8, 4.57143, 16, 16], "rotation": 270, "texture": "#0"},
				"south": {"uv": [0, 11.42857, 8, 16], "texture": "#0"},
				"west": {"uv": [8, 16, 16, 4.57143], "rotation": 270, "texture": "#0"},
				"up": {"uv": [0, 0, 8, 11.42857], "texture": "#0"},
				"down": {"uv": [8, 4.57143, 12, 16], "texture": "#0"}
			}
		}
	],
	"gui_light": "front",
	"display": {
		"thirdperson_righthand": {
			"rotation": [75, 45, 0],
			"translation": [0, 2, 4.5],
			"scale": [0.6, 0.6, 0.6]
		},
		"firstperson_righthand": {
			"rotation": [0, 45, 0],
			"translation": [0, 7, 0]
		},
        "ground": {
            "rotation": [ 0, 0, 0 ],
            "translation": [ 0, 3, 0],
            "scale":[ 0.5, 0.5, 0.5 ]
        },
		"gui": {
			"rotation": [30, -45, 0],
			"translation": [0, 9.5, 0],
			"scale": [2, 2, 2]
		},
		"head": {
			"translation": [0, 21, -2.5],
			"scale": [3, 2, 4]
		},
		"fixed": {
			"rotation": [-90, 0, 0],
			"translation": [0, 0, -16],
			"scale": [2, 2, 2]
		}
	}
}