{
	"credit": "Made with Blockbench",
	"parent": "farmers3d:flat_bowl",
	"textures": {
		"4": "farmers3d:steak_and_potatoes",
		"particle": "farmers3d:steak_and_potatoes",
		"tray_top": "farmersdelight:block/tray_top",
		"tray_bottom": "farmersdelight:block/tray_bottom"
	},
	"elements": [
		{
			"name": "tray",
			"from": [1, 0, 1],
			"to": [15, 2, 15],
			"faces": {
				"north": {"uv": [1, 11, 15, 13], "texture": "#tray_bottom"},
				"east": {"uv": [1, 11, 15, 13], "texture": "#tray_bottom"},
				"south": {"uv": [1, 11, 15, 13], "texture": "#tray_bottom"},
				"west": {"uv": [1, 11, 15, 13], "texture": "#tray_bottom"},
				"up": {"uv": [1, 1, 15, 15], "texture": "#tray_top"},
				"down": {"uv": [1, 1, 15, 15], "texture": "#tray_top", "cullface": "down"}
			}
		},
		{
			"name": "0",
			"from": [9, 2, 7.5],
			"to": [13.5, 3, 13.5],
			"rotation": {"angle": 0, "axis": "y", "origin": [11.95, 0, 8]},
			"faces": {
				"north": {"uv": [5, 0, 0, 1], "texture": "#4"},
				"east": {"uv": [4, 9, 5, 0], "rotation": 270, "texture": "#4"},
				"south": {"uv": [0, 8, 5, 9], "texture": "#4"},
				"west": {"uv": [0, 0, 1, 9], "rotation": 270, "texture": "#4"},
				"up": {"uv": [0, 0, 5, 9], "texture": "#4"}
			}
		},
		{
			"name": "1",
			"from": [9.5, 2.25, 8],
			"to": [13, 3.5, 13],
			"rotation": {"angle": 0, "axis": "z", "origin": [12.1, 0.25, 8]},
			"faces": {
				"north": {"uv": [4, 1, 1, 2], "texture": "#4"},
				"east": {"uv": [3, 8, 4, 1], "rotation": 270, "texture": "#4"},
				"south": {"uv": [1, 7, 4, 8], "texture": "#4"},
				"west": {"uv": [1, 1, 2, 8], "rotation": 270, "texture": "#4"},
				"up": {"uv": [1, 1, 4, 8], "texture": "#4"}
			}
		},
		{
			"name": "0",
			"from": [4.1, 2, 3],
			"to": [7.6, 3.25, 13],
			"rotation": {"angle": 0, "axis": "z", "origin": [14.1, 2, 13]},
			"faces": {
				"north": {"uv": [10, 9, 14, 10], "texture": "#4"},
				"east": {"uv": [10, 0, 11, 10], "rotation": 270, "texture": "#4"},
				"south": {"uv": [14, 0, 10, 1], "texture": "#4"},
				"west": {"uv": [13, 0, 14, 10], "rotation": 90, "texture": "#4"},
				"up": {"uv": [10, 0, 14, 10], "rotation": 180, "texture": "#4"}
			}
		},
		{
			"name": "1",
			"from": [3.1, 2, 4],
			"to": [4.1, 3, 12],
			"rotation": {"angle": 0, "axis": "z", "origin": [14.1, 2, 13]},
			"faces": {
				"north": {"uv": [14, 8, 15, 9], "texture": "#4"},
				"south": {"uv": [15, 1, 14, 2], "texture": "#4"},
				"west": {"uv": [14, 1, 15, 9], "rotation": 90, "texture": "#4"},
				"up": {"uv": [14, 1, 15, 9], "rotation": 180, "texture": "#4"}
			}
		},
		{
			"name": "2",
			"from": [2.1, 2, 6],
			"to": [3.1, 3, 11],
			"rotation": {"angle": 0, "axis": "z", "origin": [14.1, 2, 13]},
			"faces": {
				"north": {"uv": [15, 6, 16, 7], "texture": "#4"},
				"south": {"uv": [16, 2, 15, 3], "texture": "#4"},
				"west": {"uv": [15, 2, 16, 7], "rotation": 90, "texture": "#4"},
				"up": {"uv": [15, 2, 16, 7], "rotation": 180, "texture": "#4"}
			}
		},
		{
			"name": "3",
			"from": [7.6, 2, 4],
			"to": [8.6, 3, 9],
			"rotation": {"angle": 0, "axis": "z", "origin": [13.6, 2, 13]},
			"faces": {
				"north": {"uv": [9, 8, 10, 9], "texture": "#4"},
				"east": {"uv": [9, 4, 10, 9], "rotation": 270, "texture": "#4"},
				"south": {"uv": [10, 4, 9, 5], "texture": "#4"},
				"up": {"uv": [9, 4, 10, 9], "rotation": 180, "texture": "#4"}
			}
		},
		{
			"name": "0",
			"from": [9.25, 2.05, 4.3],
			"to": [13.25, 3.05, 7.3],
			"rotation": {"angle": 0, "axis": "y", "origin": [13.25, 2.05, 5.3]},
			"faces": {
				"north": {"uv": [7, 3, 9, 9], "rotation": 270, "texture": "#4"},
				"east": {"uv": [5, 3, 7, 6], "rotation": 270, "texture": "#4"},
				"south": {"uv": [5, 3, 7, 6], "rotation": 270, "texture": "#4"},
				"west": {"uv": [7, 3, 9, 9], "rotation": 270, "texture": "#4"},
				"up": {"uv": [0, 9, 5, 16], "rotation": 90, "texture": "#4"}
			}
		},
		{
			"name": "1",
			"from": [9.5, 2, 2.4],
			"to": [12.5, 3, 6.4],
			"rotation": {"angle": -22.5, "axis": "x", "origin": [10.55, 2, 2.4]},
			"faces": {
				"north": {"uv": [5, 3, 7, 6], "rotation": 270, "texture": "#4"},
				"east": {"uv": [7, 3, 9, 9], "rotation": 270, "texture": "#4"},
				"south": {"uv": [5, 3, 7, 6], "rotation": 270, "texture": "#4"},
				"west": {"uv": [7, 3, 9, 9], "rotation": 270, "texture": "#4"},
				"up": {"uv": [0, 9, 5, 16], "texture": "#4"},
				"down": {"uv": [5, 9, 10, 16], "texture": "#4"}
			}
		}
	],
	"gui_light": "front",
	"groups": [
		0,
		{
			"name": "rice",
			"origin": [8, 8, 8],
			"color": 0,
			"nbt": "{}",
			"children": [1, 2]
		},
		{
			"name": "steak",
			"origin": [8, 8, 8],
			"color": 0,
			"nbt": "{}",
			"children": [3, 4, 5, 6]
		},
		{
			"name": "potato",
			"origin": [8, 8, 8],
			"color": 0,
			"nbt": "{}",
			"children": [7, 8]
		}
	]
}