{
	"credit": "Made with Blockbench",
	"parent": "block/block",
	"texture_size": [64, 64],
	"textures": {
		"particle": "ecologics:block/pot",
		"pot": "ecologics:block/pot"
	},
	"elements": [
		{
			"from": [2, 0, 2],
			"to": [14, 9, 14],
			"faces": {
				"north": {"uv": [3, 3, 6, 5.25], "texture": "#pot"},
				"east": {"uv": [3, 3, 6, 5.25], "texture": "#pot"},
				"south": {"uv": [3, 3, 6, 5.25], "texture": "#pot"},
				"west": {"uv": [3, 3, 6, 5.25], "texture": "#pot"},
				"up": {"uv": [6, 3, 3, 0], "texture": "#pot"},
				"down": {"uv": [9, 0, 6, 3], "texture": "#pot"}
			}
		},
		{
			"from": [4, 9, 4],
			"to": [12, 14, 12],
			"faces": {
				"north": {"uv": [2, 7.25, 4, 8.5], "texture": "#pot"},
				"east": {"uv": [2, 7.25, 4, 8.5], "texture": "#pot"},
				"south": {"uv": [2, 7.25, 4, 8.5], "texture": "#pot"},
				"west": {"uv": [2, 7.25, 4, 8.5], "texture": "#pot"},
				"up": {"uv": [4, 7.25, 2, 5.25], "texture": "#pot"},
				"down": {"uv": [6, 5.25, 4, 7.25], "texture": "#pot"}
			}
		},
		{
			"from": [3, 13, 3],
			"to": [13, 15, 13],
			"faces": {
				"north": {"uv": [8, 9.75, 10.5, 10.25], "texture": "#pot"},
				"east": {"uv": [8, 9.75, 10.5, 10.25], "texture": "#pot"},
				"south": {"uv": [8, 9.75, 10.5, 10.25], "texture": "#pot"},
				"west": {"uv": [8, 9.75, 10.5, 10.25], "texture": "#pot"},
				"up": {"uv": [10.5, 9.75, 8, 7.25], "texture": "#pot"},
				"down": {"uv": [13, 7.25, 10.5, 9.75], "texture": "#pot"}
			}
		}
	],
	"display": {
		"thirdperson_righthand": {
			"rotation": [75, 45, 0],
			"translation": [0, 2.5, 0],
			"scale": [0.375, 0.375, 0.375]
		},
		"thirdperson_lefthand": {
			"rotation": [75, 45, 0],
			"translation": [0, 2.5, 0],
			"scale": [0.375, 0.375, 0.375]
		},
		"firstperson_righthand": {
			"rotation": [0, 45, 0],
			"translation": [0, 3, 0],
			"scale": [0.4, 0.4, 0.4]
		},
		"firstperson_lefthand": {
			"rotation": [0, 45, 0],
			"translation": [0, 3, 0],
			"scale": [0.4, 0.4, 0.4]
		},
		"ground": {
			"translation": [0, 3, 0],
			"scale": [0.25, 0.25, 0.25]
		},
		"gui": {
			"rotation": [30, 225, 0],
			"scale": [0.625, 0.625, 0.625]
		},
		"fixed": {
			"rotation": [0, 180, 0]
		}
	}
}