{
	"credit": "Made with Blockbench",
	"texture_size": [32, 32],
	"textures": {
		"2": "irons_spellbooks:item/3d/3d_blaze_spell_book"
	},
	"elements": [
		{
			"name": "book cover",
			"from": [10, 0, 5],
			"to": [10.2, 10, 11],
			"faces": {
				"north": {"uv": [13, 0, 13.25, 5], "texture": "#2"},
				"east": {"uv": [9, 0, 12, 5], "texture": "#2"},
				"south": {"uv": [13, 5, 13.25, 10], "texture": "#2"},
				"west": {"uv": [9, 5, 12, 10], "texture": "#2"},
				"up": {"uv": [13.75, 3, 13.5, 0], "texture": "#2"},
				"down": {"uv": [13.75, 3, 13.5, 6], "texture": "#2"}
			}
		},
		{
			"name": "book cover",
			"from": [8, 0, 5],
			"to": [8.2, 10, 11],
			"faces": {
				"north": {"uv": [12.5, 6, 12.75, 11], "texture": "#2"},
				"east": {"uv": [9, 5, 12, 10], "texture": "#2"},
				"south": {"uv": [12.5, 11, 12.75, 16], "texture": "#2"},
				"west": {"uv": [6, 0, 9, 5], "texture": "#2"},
				"up": {"uv": [13.25, 13, 13, 10], "texture": "#2"},
				"down": {"uv": [13.25, 13, 13, 16], "texture": "#2"}
			}
		},
		{
			"name": "mid",
			"from": [8.2, 0, 5],
			"to": [10, 10, 5.3],
			"faces": {
				"north": {"uv": [6, 10, 7, 15], "texture": "#2"},
				"east": {"uv": [12, 11, 12.25, 16], "texture": "#2"},
				"south": {"uv": [7, 10, 8, 15], "texture": "#2"},
				"west": {"uv": [12, 11, 12.25, 16], "texture": "#2"},
				"up": {"uv": [14.5, 6.25, 13.5, 6], "texture": "#2"},
				"down": {"uv": [14.5, 6.5, 13.5, 6.75], "texture": "#2"}
			}
		},
		{
			"name": "paper",
			"from": [8.2, 0.2, 5.3],
			"to": [10, 9.8, 10.8],
			"faces": {
				"north": {"uv": [10, 10, 11, 14.75], "texture": "#2"},
				"east": {"uv": [3, 10, 5.75, 14.75], "texture": "#2"},
				"south": {"uv": [10, 10, 11, 14.75], "texture": "#2"},
				"west": {"uv": [3, 10, 5.75, 14.75], "texture": "#2"},
				"up": {"uv": [12, 12.75, 11, 10], "texture": "#2"},
				"down": {"uv": [12, 10, 11, 12.75], "texture": "#2"}
			}
		},
		{
			"name": "fire cover-2",
			"from": [7.98, 0, 5],
			"to": [7.98, 10, 11],
			"faces": {
				"north": {"uv": [0, 0, 0, 5], "texture": "#2"},
				"east": {"uv": [0, 5, 3, 10], "texture": "#2"},
				"south": {"uv": [0, 0, 0, 5], "texture": "#2"},
				"west": {"uv": [3, 5, 6, 10], "texture": "#2"},
				"up": {"uv": [0, 3, 0, 0], "texture": "#2"},
				"down": {"uv": [0, 0, 0, 3], "texture": "#2"}
			}
		},
		{
			"name": "fire cover",
			"from": [10.22, 0, 5],
			"to": [10.22, 10, 11],
			"faces": {
				"north": {"uv": [0, 0, 0, 5], "texture": "#2"},
				"east": {"uv": [0, 5, 3, 10], "texture": "#2"},
				"south": {"uv": [0, 0, 0, 5], "texture": "#2"},
				"west": {"uv": [3, 5, 6, 10], "texture": "#2"},
				"up": {"uv": [0, 3, 0, 0], "texture": "#2"},
				"down": {"uv": [0, 0, 0, 3], "texture": "#2"}
			}
		},
		{
			"name": "fire-mid",
			"from": [8, 0, 4.98],
			"to": [10.2, 10, 4.98],
			"faces": {
				"north": {"uv": [8, 10, 9, 15], "texture": "#2"},
				"east": {"uv": [0, 0, 0, 5], "texture": "#2"},
				"south": {"uv": [9, 10, 10, 15], "texture": "#2"},
				"west": {"uv": [0, 0, 0, 5], "texture": "#2"},
				"up": {"uv": [1, 0, 0, 0], "texture": "#2"},
				"down": {"uv": [1, 0, 0, 0], "texture": "#2"}
			}
		}
	],
	"display": {
		"thirdperson_righthand": {
			"rotation": [0, -180, 0],
			"translation": [1.25, 1.25, -0.75]
		},
		"thirdperson_lefthand": {
			"rotation": [0, 180, 0],
			"translation": [-1.25, 1.25, -0.75]
		},
		"firstperson_righthand": {
			"rotation": [0, 40, 0],
			"translation": [0, 5, 0]
		},
		"firstperson_lefthand": {
			"rotation": [0, 40, 0],
			"translation": [0, 5, 0]
		},
		"ground": {
			"rotation": [85, -50, 85],
			"translation": [0, 4, 0]
		},
		"gui": {
			"rotation": [-90, 130, 90],
			"translation": [2.5, 3, 0],
			"scale": [1.2, 1.2, 1.2]
		},
		"head": {
			"rotation": [90, 90, 90],
			"translation": [0.25, 8.5, -1.5]
		},
		"fixed": {
			"rotation": [90, 0, 0],
			"translation": [-1, -4.5, 4],
			"scale": [1.2, 1.2, 1.2]
		}
	},
	"groups": [
		0,
		1,
		2,
		3,
		{
			"name": "fire",
			"origin": [0, 0, 0],
			"color": 0,
			"children": [4, 5, 6]
		}
	]
}