{
	"credit": "Made with Blockbench",
	"textures": {
		"0": "irons_spellbooks:item/blood_staff",
		"particle": "irons_spellbooks:item/blood_staff"
	},
	"elements": [
		{
			"name": "blood_staff_0",
			"from": [11.5, 13.5, 7.75],
			"to": [12, 15, 8.25],
			"rotation": {"angle": 0, "axis": "y", "origin": [0, 0, 7.75]},
			"faces": {
				"north": {"uv": [12, 1, 11.5, 2.5], "texture": "#0"},
				"east": {"uv": [11.5, 1, 12, 2.5], "texture": "#0"},
				"south": {"uv": [11.5, 1, 12, 2.5], "texture": "#0"},
				"west": {"uv": [11.5, 1, 12, 2.5], "texture": "#0"},
				"up": {"uv": [11.5, 1, 12, 1.5], "texture": "#0"},
				"down": {"uv": [11.5, 2, 12, 2.5], "texture": "#0"}
			}
		},
		{
			"name": "blood_staff_1",
			"from": [10.5, 13, 7.75],
			"to": [11.5, 14.5, 8.25],
			"rotation": {"angle": 0, "axis": "y", "origin": [0, 0, 7.75]},
			"faces": {
				"north": {"uv": [11.5, 1.5, 10.5, 3], "texture": "#0"},
				"east": {"uv": [11, 1.5, 11.5, 3], "texture": "#0"},
				"south": {"uv": [10.5, 1.5, 11.5, 3], "texture": "#0"},
				"west": {"uv": [10.5, 1.5, 11, 3], "texture": "#0"},
				"up": {"uv": [10.5, 1.5, 11.5, 2], "texture": "#0"},
				"down": {"uv": [10.5, 2.5, 11.5, 3], "texture": "#0"}
			}
		},
		{
			"name": "blood_staff_2",
			"from": [9.5, 13, 7.75],
			"to": [10.5, 14, 8.25],
			"rotation": {"angle": 0, "axis": "y", "origin": [0, 0, 7.75]},
			"faces": {
				"north": {"uv": [10.5, 2, 9.5, 3], "texture": "#0"},
				"east": {"uv": [10, 2, 10.5, 3], "texture": "#0"},
				"south": {"uv": [9.5, 2, 10.5, 3], "texture": "#0"},
				"west": {"uv": [9.5, 2, 10, 3], "texture": "#0"},
				"up": {"uv": [9.5, 2, 10.5, 2.5], "texture": "#0"},
				"down": {"uv": [9.5, 2.5, 10.5, 3], "texture": "#0"}
			}
		},
		{
			"name": "blood_staff_3",
			"from": [9, 11.5, 7.75],
			"to": [9.5, 13.5, 8.25],
			"rotation": {"angle": 0, "axis": "y", "origin": [0, 0, 7.75]},
			"faces": {
				"north": {"uv": [9.5, 2.5, 9, 4.5], "texture": "#0"},
				"east": {"uv": [9, 2.5, 9.5, 4.5], "texture": "#0"},
				"south": {"uv": [9, 2.5, 9.5, 4.5], "texture": "#0"},
				"west": {"uv": [9, 2.5, 9.5, 4.5], "texture": "#0"},
				"up": {"uv": [9, 2.5, 9.5, 3], "texture": "#0"},
				"down": {"uv": [9, 4, 9.5, 4.5], "texture": "#0"}
			}
		},
		{
			"name": "blood_staff_4",
			"from": [8.5, 11, 7.75],
			"to": [9, 13, 8.25],
			"rotation": {"angle": 0, "axis": "y", "origin": [0, 0, 7.75]},
			"faces": {
				"north": {"uv": [9, 3, 8.5, 5], "texture": "#0"},
				"east": {"uv": [8.5, 3, 9, 5], "texture": "#0"},
				"south": {"uv": [8.5, 3, 9, 5], "texture": "#0"},
				"west": {"uv": [8.5, 3, 9, 5], "texture": "#0"},
				"up": {"uv": [8.5, 3, 9, 3.5], "texture": "#0"},
				"down": {"uv": [8.5, 4.5, 9, 5], "texture": "#0"}
			}
		},
		{
			"name": "blood_staff_5",
			"from": [9.5, 12.5, 7.75],
			"to": [10, 13, 8.25],
			"rotation": {"angle": 0, "axis": "y", "origin": [0, 0, 7.75]},
			"faces": {
				"north": {"uv": [10, 3, 9.5, 3.5], "texture": "#0"},
				"east": {"uv": [9.5, 3, 10, 3.5], "texture": "#0"},
				"south": {"uv": [9.5, 3, 10, 3.5], "texture": "#0"},
				"west": {"uv": [9.5, 3, 10, 3.5], "texture": "#0"},
				"up": {"uv": [9.5, 3, 10, 3.5], "texture": "#0"},
				"down": {"uv": [9.5, 3, 10, 3.5], "texture": "#0"}
			}
		},
		{
			"name": "blood_staff_6",
			"from": [10.5, 10.5, 7.75],
			"to": [12, 12, 8.25],
			"rotation": {"angle": 0, "axis": "y", "origin": [0, 0, 7.75]},
			"faces": {
				"north": {"uv": [12, 4, 10.5, 5.5], "texture": "#0"},
				"east": {"uv": [11.5, 4, 12, 5.5], "texture": "#0"},
				"south": {"uv": [10.5, 4, 12, 5.5], "texture": "#0"},
				"west": {"uv": [10.5, 4, 11, 5.5], "texture": "#0"},
				"up": {"uv": [10.5, 4, 12, 4.5], "texture": "#0"},
				"down": {"uv": [10.5, 5, 12, 5.5], "texture": "#0"}
			}
		},
		{
			"name": "blood_staff_7",
			"from": [13.5, 10.5, 7.75],
			"to": [14.5, 12, 8.25],
			"rotation": {"angle": 0, "axis": "y", "origin": [0, 0, 7.75]},
			"faces": {
				"north": {"uv": [14.5, 4, 13.5, 5.5], "texture": "#0"},
				"east": {"uv": [14, 4, 14.5, 5.5], "texture": "#0"},
				"south": {"uv": [13.5, 4, 14.5, 5.5], "texture": "#0"},
				"west": {"uv": [13.5, 4, 14, 5.5], "texture": "#0"},
				"up": {"uv": [13.5, 4, 14.5, 4.5], "texture": "#0"},
				"down": {"uv": [13.5, 5, 14.5, 5.5], "texture": "#0"}
			}
		},
		{
			"name": "blood_staff_8",
			"from": [14.5, 11.5, 7.75],
			"to": [15, 12, 8.25],
			"rotation": {"angle": 0, "axis": "y", "origin": [0, 0, 7.75]},
			"faces": {
				"north": {"uv": [15, 4, 14.5, 4.5], "texture": "#0"},
				"east": {"uv": [14.5, 4, 15, 4.5], "texture": "#0"},
				"south": {"uv": [14.5, 4, 15, 4.5], "texture": "#0"},
				"west": {"uv": [14.5, 4, 15, 4.5], "texture": "#0"},
				"up": {"uv": [14.5, 4, 15, 4.5], "texture": "#0"},
				"down": {"uv": [14.5, 4, 15, 4.5], "texture": "#0"}
			}
		},
		{
			"name": "blood_staff_9",
			"from": [13, 9, 7.75],
			"to": [13.5, 11.5, 8.25],
			"rotation": {"angle": 0, "axis": "y", "origin": [0, 0, 7.75]},
			"faces": {
				"north": {"uv": [13.5, 4.5, 13, 7], "texture": "#0"},
				"east": {"uv": [13, 4.5, 13.5, 7], "texture": "#0"},
				"south": {"uv": [13, 4.5, 13.5, 7], "texture": "#0"},
				"west": {"uv": [13, 4.5, 13.5, 7], "texture": "#0"},
				"up": {"uv": [13, 4.5, 13.5, 5], "texture": "#0"},
				"down": {"uv": [13, 6.5, 13.5, 7], "texture": "#0"}
			}
		},
		{
			"name": "blood_staff_10",
			"from": [7, 9.5, 7.75],
			"to": [8, 10.5, 8.25],
			"rotation": {"angle": 0, "axis": "y", "origin": [0, 0, 7.75]},
			"faces": {
				"north": {"uv": [8, 5.5, 7, 6.5], "texture": "#0"},
				"east": {"uv": [7.5, 5.5, 8, 6.5], "texture": "#0"},
				"south": {"uv": [7, 5.5, 8, 6.5], "texture": "#0"},
				"west": {"uv": [7, 5.5, 7.5, 6.5], "texture": "#0"},
				"up": {"uv": [7, 5.5, 8, 6], "texture": "#0"},
				"down": {"uv": [7, 6, 8, 6.5], "texture": "#0"}
			}
		},
		{
			"name": "blood_staff_11",
			"from": [9, 8.5, 7.75],
			"to": [9.5, 10.5, 8.25],
			"rotation": {"angle": 0, "axis": "y", "origin": [0, 0, 7.75]},
			"faces": {
				"north": {"uv": [9.5, 5.5, 9, 7.5], "texture": "#0"},
				"east": {"uv": [9, 5.5, 9.5, 7.5], "texture": "#0"},
				"south": {"uv": [9, 5.5, 9.5, 7.5], "texture": "#0"},
				"west": {"uv": [9, 5.5, 9.5, 7.5], "texture": "#0"},
				"up": {"uv": [9, 5.5, 9.5, 6], "texture": "#0"},
				"down": {"uv": [9, 7, 9.5, 7.5], "texture": "#0"}
			}
		},
		{
			"name": "blood_staff_12",
			"from": [13.5, 9.5, 7.75],
			"to": [14, 10.5, 8.25],
			"rotation": {"angle": 0, "axis": "y", "origin": [0, 0, 7.75]},
			"faces": {
				"north": {"uv": [14, 5.5, 13.5, 6.5], "texture": "#0"},
				"east": {"uv": [13.5, 5.5, 14, 6.5], "texture": "#0"},
				"south": {"uv": [13.5, 5.5, 14, 6.5], "texture": "#0"},
				"west": {"uv": [13.5, 5.5, 14, 6.5], "texture": "#0"},
				"up": {"uv": [13.5, 5.5, 14, 6], "texture": "#0"},
				"down": {"uv": [13.5, 6, 14, 6.5], "texture": "#0"}
			}
		},
		{
			"name": "blood_staff_13",
			"from": [6.5, 9, 7.75],
			"to": [7, 10, 8.25],
			"rotation": {"angle": 0, "axis": "y", "origin": [0, 0, 7.75]},
			"faces": {
				"north": {"uv": [7, 6, 6.5, 7], "texture": "#0"},
				"east": {"uv": [6.5, 6, 7, 7], "texture": "#0"},
				"south": {"uv": [6.5, 6, 7, 7], "texture": "#0"},
				"west": {"uv": [6.5, 6, 7, 7], "texture": "#0"},
				"up": {"uv": [6.5, 6, 7, 6.5], "texture": "#0"},
				"down": {"uv": [6.5, 6.5, 7, 7], "texture": "#0"}
			}
		},
		{
			"name": "blood_staff_14",
			"from": [9.5, 9, 7.75],
			"to": [10, 10, 8.25],
			"rotation": {"angle": 0, "axis": "y", "origin": [0, 0, 7.75]},
			"faces": {
				"north": {"uv": [10, 6, 9.5, 7], "texture": "#0"},
				"east": {"uv": [9.5, 6, 10, 7], "texture": "#0"},
				"south": {"uv": [9.5, 6, 10, 7], "texture": "#0"},
				"west": {"uv": [9.5, 6, 10, 7], "texture": "#0"},
				"up": {"uv": [9.5, 6, 10, 6.5], "texture": "#0"},
				"down": {"uv": [9.5, 6.5, 10, 7], "texture": "#0"}
			}
		},
		{
			"name": "blood_staff_15",
			"from": [12.5, 8.5, 7.75],
			"to": [13, 10, 8.25],
			"rotation": {"angle": 0, "axis": "y", "origin": [0, 0, 7.75]},
			"faces": {
				"north": {"uv": [13, 6, 12.5, 7.5], "texture": "#0"},
				"east": {"uv": [12.5, 6, 13, 7.5], "texture": "#0"},
				"south": {"uv": [12.5, 6, 13, 7.5], "texture": "#0"},
				"west": {"uv": [12.5, 6, 13, 7.5], "texture": "#0"},
				"up": {"uv": [12.5, 6, 13, 6.5], "texture": "#0"},
				"down": {"uv": [12.5, 7, 13, 7.5], "texture": "#0"}
			}
		},
		{
			"name": "blood_staff_16",
			"from": [7, 9, 7.75],
			"to": [7.5, 9.5, 8.25],
			"rotation": {"angle": 0, "axis": "y", "origin": [0, 0, 7.75]},
			"faces": {
				"north": {"uv": [7.5, 6.5, 7, 7], "texture": "#0"},
				"east": {"uv": [7, 6.5, 7.5, 7], "texture": "#0"},
				"south": {"uv": [7, 6.5, 7.5, 7], "texture": "#0"},
				"west": {"uv": [7, 6.5, 7.5, 7], "texture": "#0"},
				"up": {"uv": [7, 6.5, 7.5, 7], "texture": "#0"},
				"down": {"uv": [7, 6.5, 7.5, 7], "texture": "#0"}
			}
		},
		{
			"name": "blood_staff_17",
			"from": [8.5, 8, 7.75],
			"to": [9, 9.5, 8.25],
			"rotation": {"angle": 0, "axis": "y", "origin": [0, 0, 7.75]},
			"faces": {
				"north": {"uv": [9, 6.5, 8.5, 8], "texture": "#0"},
				"east": {"uv": [8.5, 6.5, 9, 8], "texture": "#0"},
				"south": {"uv": [8.5, 6.5, 9, 8], "texture": "#0"},
				"west": {"uv": [8.5, 6.5, 9, 8], "texture": "#0"},
				"up": {"uv": [8.5, 6.5, 9, 7], "texture": "#0"},
				"down": {"uv": [8.5, 7.5, 9, 8], "texture": "#0"}
			}
		},
		{
			"name": "blood_staff_18",
			"from": [10, 9, 7.75],
			"to": [10.5, 9.5, 8.25],
			"rotation": {"angle": 0, "axis": "y", "origin": [0, 0, 7.75]},
			"faces": {
				"north": {"uv": [10.5, 6.5, 10, 7], "texture": "#0"},
				"east": {"uv": [10, 6.5, 10.5, 7], "texture": "#0"},
				"south": {"uv": [10, 6.5, 10.5, 7], "texture": "#0"},
				"west": {"uv": [10, 6.5, 10.5, 7], "texture": "#0"},
				"up": {"uv": [10, 6.5, 10.5, 7], "texture": "#0"},
				"down": {"uv": [10, 6.5, 10.5, 7], "texture": "#0"}
			}
		},
		{
			"name": "blood_staff_19",
			"from": [11.5, 8.5, 7.75],
			"to": [12.5, 9.5, 8.25],
			"rotation": {"angle": 0, "axis": "y", "origin": [0, 0, 7.75]},
			"faces": {
				"north": {"uv": [12.5, 6.5, 11.5, 7.5], "texture": "#0"},
				"east": {"uv": [12, 6.5, 12.5, 7.5], "texture": "#0"},
				"south": {"uv": [11.5, 6.5, 12.5, 7.5], "texture": "#0"},
				"west": {"uv": [11.5, 6.5, 12, 7.5], "texture": "#0"},
				"up": {"uv": [11.5, 6.5, 12.5, 7], "texture": "#0"},
				"down": {"uv": [11.5, 7, 12.5, 7.5], "texture": "#0"}
			}
		},
		{
			"name": "blood_staff_20",
			"from": [8, 7.5, 7.75],
			"to": [8.5, 9, 8.25],
			"rotation": {"angle": 0, "axis": "y", "origin": [0, 0, 7.75]},
			"faces": {
				"north": {"uv": [8.5, 7, 8, 8.5], "texture": "#0"},
				"east": {"uv": [8, 7, 8.5, 8.5], "texture": "#0"},
				"south": {"uv": [8, 7, 8.5, 8.5], "texture": "#0"},
				"west": {"uv": [8, 7, 8.5, 8.5], "texture": "#0"},
				"up": {"uv": [8, 7, 8.5, 7.5], "texture": "#0"},
				"down": {"uv": [8, 8, 8.5, 8.5], "texture": "#0"}
			}
		},
		{
			"name": "blood_staff_21",
			"from": [11, 8.5, 7.75],
			"to": [11.5, 9, 8.25],
			"rotation": {"angle": 0, "axis": "y", "origin": [0, 0, 7.75]},
			"faces": {
				"north": {"uv": [11.5, 7, 11, 7.5], "texture": "#0"},
				"east": {"uv": [11, 7, 11.5, 7.5], "texture": "#0"},
				"south": {"uv": [11, 7, 11.5, 7.5], "texture": "#0"},
				"west": {"uv": [11, 7, 11.5, 7.5], "texture": "#0"},
				"up": {"uv": [11, 7, 11.5, 7.5], "texture": "#0"},
				"down": {"uv": [11, 7, 11.5, 7.5], "texture": "#0"}
			}
		},
		{
			"name": "blood_staff_22",
			"from": [7.5, 7, 7.75],
			"to": [8, 8.5, 8.25],
			"rotation": {"angle": 0, "axis": "y", "origin": [0, 0, 7.75]},
			"faces": {
				"north": {"uv": [8, 7.5, 7.5, 9], "texture": "#0"},
				"east": {"uv": [7.5, 7.5, 8, 9], "texture": "#0"},
				"south": {"uv": [7.5, 7.5, 8, 9], "texture": "#0"},
				"west": {"uv": [7.5, 7.5, 8, 9], "texture": "#0"},
				"up": {"uv": [7.5, 7.5, 8, 8], "texture": "#0"},
				"down": {"uv": [7.5, 8.5, 8, 9], "texture": "#0"}
			}
		},
		{
			"name": "blood_staff_23",
			"from": [5.5, 7.5, 7.75],
			"to": [6.5, 8, 8.25],
			"rotation": {"angle": 0, "axis": "y", "origin": [0, 0, 7.75]},
			"faces": {
				"north": {"uv": [6.5, 8, 5.5, 8.5], "texture": "#0"},
				"east": {"uv": [6, 8, 6.5, 8.5], "texture": "#0"},
				"south": {"uv": [5.5, 8, 6.5, 8.5], "texture": "#0"},
				"west": {"uv": [5.5, 8, 6, 8.5], "texture": "#0"},
				"up": {"uv": [5.5, 8, 6.5, 8.5], "texture": "#0"},
				"down": {"uv": [5.5, 8, 6.5, 8.5], "texture": "#0"}
			}
		},
		{
			"name": "blood_staff_24",
			"from": [7, 6, 7.75],
			"to": [7.5, 8, 8.25],
			"rotation": {"angle": 0, "axis": "y", "origin": [0, 0, 7.75]},
			"faces": {
				"north": {"uv": [7.5, 8, 7, 10], "texture": "#0"},
				"east": {"uv": [7, 8, 7.5, 10], "texture": "#0"},
				"south": {"uv": [7, 8, 7.5, 10], "texture": "#0"},
				"west": {"uv": [7, 8, 7.5, 10], "texture": "#0"},
				"up": {"uv": [7, 8, 7.5, 8.5], "texture": "#0"},
				"down": {"uv": [7, 9.5, 7.5, 10], "texture": "#0"}
			}
		},
		{
			"name": "blood_staff_25",
			"from": [9.5, 7, 7.75],
			"to": [10.5, 8, 8.25],
			"rotation": {"angle": 0, "axis": "y", "origin": [0, 0, 7.75]},
			"faces": {
				"north": {"uv": [10.5, 8, 9.5, 9], "texture": "#0"},
				"east": {"uv": [10, 8, 10.5, 9], "texture": "#0"},
				"south": {"uv": [9.5, 8, 10.5, 9], "texture": "#0"},
				"west": {"uv": [9.5, 8, 10, 9], "texture": "#0"},
				"up": {"uv": [9.5, 8, 10.5, 8.5], "texture": "#0"},
				"down": {"uv": [9.5, 8.5, 10.5, 9], "texture": "#0"}
			}
		},
		{
			"name": "blood_staff_26",
			"from": [6, 6, 7.75],
			"to": [7, 7.5, 8.25],
			"rotation": {"angle": 0, "axis": "y", "origin": [0, 0, 7.75]},
			"faces": {
				"north": {"uv": [7, 8.5, 6, 10], "texture": "#0"},
				"east": {"uv": [6.5, 8.5, 7, 10], "texture": "#0"},
				"south": {"uv": [6, 8.5, 7, 10], "texture": "#0"},
				"west": {"uv": [6, 8.5, 6.5, 10], "texture": "#0"},
				"up": {"uv": [6, 8.5, 7, 9], "texture": "#0"},
				"down": {"uv": [6, 9.5, 7, 10], "texture": "#0"}
			}
		},
		{
			"name": "blood_staff_27",
			"from": [9, 6.5, 7.75],
			"to": [9.5, 7.5, 8.25],
			"rotation": {"angle": 0, "axis": "y", "origin": [0, 0, 7.75]},
			"faces": {
				"north": {"uv": [9.5, 8.5, 9, 9.5], "texture": "#0"},
				"east": {"uv": [9, 8.5, 9.5, 9.5], "texture": "#0"},
				"south": {"uv": [9, 8.5, 9.5, 9.5], "texture": "#0"},
				"west": {"uv": [9, 8.5, 9.5, 9.5], "texture": "#0"},
				"up": {"uv": [9, 8.5, 9.5, 9], "texture": "#0"},
				"down": {"uv": [9, 9, 9.5, 9.5], "texture": "#0"}
			}
		},
		{
			"name": "blood_staff_28",
			"from": [9.5, 6.5, 7.75],
			"to": [10, 7, 8.25],
			"rotation": {"angle": 0, "axis": "y", "origin": [0, 0, 7.75]},
			"faces": {
				"north": {"uv": [10, 9, 9.5, 9.5], "texture": "#0"},
				"east": {"uv": [9.5, 9, 10, 9.5], "texture": "#0"},
				"south": {"uv": [9.5, 9, 10, 9.5], "texture": "#0"},
				"west": {"uv": [9.5, 9, 10, 9.5], "texture": "#0"},
				"up": {"uv": [9.5, 9, 10, 9.5], "texture": "#0"},
				"down": {"uv": [9.5, 9, 10, 9.5], "texture": "#0"}
			}
		},
		{
			"name": "blood_staff_29",
			"from": [5.5, 5, 7.75],
			"to": [6, 6.5, 8.25],
			"rotation": {"angle": 0, "axis": "y", "origin": [0, 0, 7.75]},
			"faces": {
				"north": {"uv": [6, 9.5, 5.5, 11], "texture": "#0"},
				"east": {"uv": [5.5, 9.5, 6, 11], "texture": "#0"},
				"south": {"uv": [5.5, 9.5, 6, 11], "texture": "#0"},
				"west": {"uv": [5.5, 9.5, 6, 11], "texture": "#0"},
				"up": {"uv": [5.5, 9.5, 6, 10], "texture": "#0"},
				"down": {"uv": [5.5, 10.5, 6, 11], "texture": "#0"}
			}
		},
		{
			"name": "blood_staff_30",
			"from": [7.5, 5.5, 7.75],
			"to": [8, 6.5, 8.25],
			"rotation": {"angle": 0, "axis": "y", "origin": [0, 0, 7.75]},
			"faces": {
				"north": {"uv": [8, 9.5, 7.5, 10.5], "texture": "#0"},
				"east": {"uv": [7.5, 9.5, 8, 10.5], "texture": "#0"},
				"south": {"uv": [7.5, 9.5, 8, 10.5], "texture": "#0"},
				"west": {"uv": [7.5, 9.5, 8, 10.5], "texture": "#0"},
				"up": {"uv": [7.5, 9.5, 8, 10], "texture": "#0"},
				"down": {"uv": [7.5, 10, 8, 10.5], "texture": "#0"}
			}
		},
		{
			"name": "blood_staff_31",
			"from": [5, 4.5, 7.75],
			"to": [5.5, 6, 8.25],
			"rotation": {"angle": 0, "axis": "y", "origin": [0, 0, 7.75]},
			"faces": {
				"north": {"uv": [5.5, 10, 5, 11.5], "texture": "#0"},
				"east": {"uv": [5, 10, 5.5, 11.5], "texture": "#0"},
				"south": {"uv": [5, 10, 5.5, 11.5], "texture": "#0"},
				"west": {"uv": [5, 10, 5.5, 11.5], "texture": "#0"},
				"up": {"uv": [5, 10, 5.5, 10.5], "texture": "#0"},
				"down": {"uv": [5, 11, 5.5, 11.5], "texture": "#0"}
			}
		},
		{
			"name": "blood_staff_32",
			"from": [6, 5.5, 7.75],
			"to": [6.5, 6, 8.25],
			"rotation": {"angle": 0, "axis": "y", "origin": [0, 0, 7.75]},
			"faces": {
				"north": {"uv": [6.5, 10, 6, 10.5], "texture": "#0"},
				"east": {"uv": [6, 10, 6.5, 10.5], "texture": "#0"},
				"south": {"uv": [6, 10, 6.5, 10.5], "texture": "#0"},
				"west": {"uv": [6, 10, 6.5, 10.5], "texture": "#0"},
				"up": {"uv": [6, 10, 6.5, 10.5], "texture": "#0"},
				"down": {"uv": [6, 10, 6.5, 10.5], "texture": "#0"}
			}
		},
		{
			"name": "blood_staff_33",
			"from": [4.5, 4, 7.75],
			"to": [5, 5.5, 8.25],
			"rotation": {"angle": 0, "axis": "y", "origin": [0, 0, 7.75]},
			"faces": {
				"north": {"uv": [5, 10.5, 4.5, 12], "texture": "#0"},
				"east": {"uv": [4.5, 10.5, 5, 12], "texture": "#0"},
				"south": {"uv": [4.5, 10.5, 5, 12], "texture": "#0"},
				"west": {"uv": [4.5, 10.5, 5, 12], "texture": "#0"},
				"up": {"uv": [4.5, 10.5, 5, 11], "texture": "#0"},
				"down": {"uv": [4.5, 11.5, 5, 12], "texture": "#0"}
			}
		},
		{
			"name": "blood_staff_34",
			"from": [4, 3.5, 7.75],
			"to": [4.5, 5, 8.25],
			"rotation": {"angle": 0, "axis": "y", "origin": [0, 0, 7.75]},
			"faces": {
				"north": {"uv": [4.5, 11, 4, 12.5], "texture": "#0"},
				"east": {"uv": [4, 11, 4.5, 12.5], "texture": "#0"},
				"south": {"uv": [4, 11, 4.5, 12.5], "texture": "#0"},
				"west": {"uv": [4, 11, 4.5, 12.5], "texture": "#0"},
				"up": {"uv": [4, 11, 4.5, 11.5], "texture": "#0"},
				"down": {"uv": [4, 12, 4.5, 12.5], "texture": "#0"}
			}
		},
		{
			"name": "blood_staff_35",
			"from": [3.5, 3, 7.75],
			"to": [4, 4.5, 8.25],
			"rotation": {"angle": 0, "axis": "y", "origin": [0, 0, 7.75]},
			"faces": {
				"north": {"uv": [4, 11.5, 3.5, 13], "texture": "#0"},
				"east": {"uv": [3.5, 11.5, 4, 13], "texture": "#0"},
				"south": {"uv": [3.5, 11.5, 4, 13], "texture": "#0"},
				"west": {"uv": [3.5, 11.5, 4, 13], "texture": "#0"},
				"up": {"uv": [3.5, 11.5, 4, 12], "texture": "#0"},
				"down": {"uv": [3.5, 12.5, 4, 13], "texture": "#0"}
			}
		},
		{
			"name": "blood_staff_36",
			"from": [3, 2.5, 7.75],
			"to": [3.5, 4, 8.25],
			"rotation": {"angle": 0, "axis": "y", "origin": [0, 0, 7.75]},
			"faces": {
				"north": {"uv": [3.5, 12, 3, 13.5], "texture": "#0"},
				"east": {"uv": [3, 12, 3.5, 13.5], "texture": "#0"},
				"south": {"uv": [3, 12, 3.5, 13.5], "texture": "#0"},
				"west": {"uv": [3, 12, 3.5, 13.5], "texture": "#0"},
				"up": {"uv": [3, 12, 3.5, 12.5], "texture": "#0"},
				"down": {"uv": [3, 13, 3.5, 13.5], "texture": "#0"}
			}
		},
		{
			"name": "blood_staff_37",
			"from": [2.5, 2, 7.75],
			"to": [3, 3.5, 8.25],
			"rotation": {"angle": 0, "axis": "y", "origin": [0, 0, 7.75]},
			"faces": {
				"north": {"uv": [3, 12.5, 2.5, 14], "texture": "#0"},
				"east": {"uv": [2.5, 12.5, 3, 14], "texture": "#0"},
				"south": {"uv": [2.5, 12.5, 3, 14], "texture": "#0"},
				"west": {"uv": [2.5, 12.5, 3, 14], "texture": "#0"},
				"up": {"uv": [2.5, 12.5, 3, 13], "texture": "#0"},
				"down": {"uv": [2.5, 13.5, 3, 14], "texture": "#0"}
			}
		},
		{
			"name": "blood_staff_38",
			"from": [2, 1.5, 7.75],
			"to": [2.5, 3, 8.25],
			"rotation": {"angle": 0, "axis": "y", "origin": [0, 0, 7.75]},
			"faces": {
				"north": {"uv": [2.5, 13, 2, 14.5], "texture": "#0"},
				"east": {"uv": [2, 13, 2.5, 14.5], "texture": "#0"},
				"south": {"uv": [2, 13, 2.5, 14.5], "texture": "#0"},
				"west": {"uv": [2, 13, 2.5, 14.5], "texture": "#0"},
				"up": {"uv": [2, 13, 2.5, 13.5], "texture": "#0"},
				"down": {"uv": [2, 14, 2.5, 14.5], "texture": "#0"}
			}
		},
		{
			"name": "blood_staff_39",
			"from": [1.5, 1, 7.75],
			"to": [2, 2.5, 8.25],
			"rotation": {"angle": 0, "axis": "y", "origin": [0, 0, 7.75]},
			"faces": {
				"north": {"uv": [2, 13.5, 1.5, 15], "texture": "#0"},
				"east": {"uv": [1.5, 13.5, 2, 15], "texture": "#0"},
				"south": {"uv": [1.5, 13.5, 2, 15], "texture": "#0"},
				"west": {"uv": [1.5, 13.5, 2, 15], "texture": "#0"},
				"up": {"uv": [1.5, 13.5, 2, 14], "texture": "#0"},
				"down": {"uv": [1.5, 14.5, 2, 15], "texture": "#0"}
			}
		},
		{
			"name": "blood_staff_40",
			"from": [1, 0.5, 7.75],
			"to": [1.5, 2, 8.25],
			"rotation": {"angle": 0, "axis": "y", "origin": [0, 0, 7.75]},
			"faces": {
				"north": {"uv": [1.5, 14, 1, 15.5], "texture": "#0"},
				"east": {"uv": [1, 14, 1.5, 15.5], "texture": "#0"},
				"south": {"uv": [1, 14, 1.5, 15.5], "texture": "#0"},
				"west": {"uv": [1, 14, 1.5, 15.5], "texture": "#0"},
				"up": {"uv": [1, 14, 1.5, 14.5], "texture": "#0"},
				"down": {"uv": [1, 15, 1.5, 15.5], "texture": "#0"}
			}
		},
		{
			"name": "blood_staff_41",
			"from": [0.5, 0, 7.75],
			"to": [1, 1.5, 8.25],
			"rotation": {"angle": 0, "axis": "y", "origin": [0, 0, 7.75]},
			"faces": {
				"north": {"uv": [1, 14.5, 0.5, 16], "texture": "#0"},
				"east": {"uv": [0.5, 14.5, 1, 16], "texture": "#0"},
				"south": {"uv": [0.5, 14.5, 1, 16], "texture": "#0"},
				"west": {"uv": [0.5, 14.5, 1, 16], "texture": "#0"},
				"up": {"uv": [0.5, 14.5, 1, 15], "texture": "#0"},
				"down": {"uv": [0.5, 15.5, 1, 16], "texture": "#0"}
			}
		},
		{
			"name": "blood_staff_42",
			"from": [0, 0, 7.75],
			"to": [0.5, 1, 8.25],
			"rotation": {"angle": 0, "axis": "y", "origin": [0, 0, 7.75]},
			"faces": {
				"north": {"uv": [0.5, 15, 0, 16], "texture": "#0"},
				"east": {"uv": [0, 15, 0.5, 16], "texture": "#0"},
				"south": {"uv": [0, 15, 0.5, 16], "texture": "#0"},
				"west": {"uv": [0, 15, 0.5, 16], "texture": "#0"},
				"up": {"uv": [0, 15, 0.5, 15.5], "texture": "#0"},
				"down": {"uv": [0, 15.5, 0.5, 16], "texture": "#0"}
			}
		}
	],
	"gui_light": "front",
	"display": {
		"thirdperson_righthand": {
			"rotation": [0, 90, 55],
			"translation": [0, 6.25, 2],
			"scale": [2, 2, 2]
		},
		"thirdperson_lefthand": {
			"rotation": [0, -90, -55],
			"translation": [0, 6.25, 2],
			"scale": [2, 2, 2]
		},
		"firstperson_righthand": {
			"rotation": [0, 90, 25],
			"translation": [1, 1.6, 0.8],
			"scale": [2, 2, 2]
		},
		"firstperson_lefthand": {
			"rotation": [0, -90, -25],
			"translation": [1, 1.6, 0.8],
			"scale": [2, 2, 2]
		},
		"ground": {
			"translation": [2, 6, 0],
			"scale": [2, 2, 2]
		},
		"gui": {
			"translation": [2.5, 2.5, 0],
			"scale": [1.5, 1.5, 1.5]
		},
		"fixed": {
			"translation": [3, 3, 0],
			"scale": [2, 2, 2]
		}
	},
	"groups": [
		{
			"name": "blood_staff",
			"origin": [8, 8, 8],
			"color": 0,
			"children": [0, 1, 2, 3, 4, 5, 6, 7, 8, 9, 10, 11, 12, 13, 14, 15, 16, 17, 18, 19, 20, 21, 22, 23, 24, 25, 26, 27, 28, 29, 30, 31, 32, 33, 34, 35, 36, 37, 38, 39, 40, 41, 42]
		}
	]
}