{
	"credit": "Made with Blockbench",
	"parent": "farmers3d:thin_block",
	"textures": {
		"0": "farmers3d:cit/old_hamburger",
		"particle": "farmersdelight:item/hamburger"
	},
	"elements": [
		{
			"name": "0",
			"from": [-0.5, 2.5, 8.5],
			"to": [2.5, 2.75, 11.5],
			"rotation": {"angle": 22.5, "axis": "y", "origin": [0, 0, 0]},
			"faces": {
				"north": {"uv": [0, 8, 8, 9], "texture": "#0"},
				"east": {"uv": [8, 16, 7, 8], "rotation": 270, "texture": "#0"},
				"south": {"uv": [0, 15, 8, 16], "texture": "#0"},
				"west": {"uv": [0, 16, 1, 8], "rotation": 270, "texture": "#0"},
				"up": {"uv": [0, 8, 8, 16], "texture": "#0"},
				"down": {"uv": [0, 8, 8, 16], "texture": "#0"}
			}
		},
		{
			"name": "1",
			"from": [8.75, 2.5, 7.75],
			"to": [12.75, 2.75, 11.75],
			"faces": {
				"north": {"uv": [0, 8, 8, 9], "texture": "#0"},
				"east": {"uv": [8, 16, 7, 8], "rotation": 270, "texture": "#0"},
				"south": {"uv": [0, 15, 8, 16], "texture": "#0"},
				"west": {"uv": [0, 16, 1, 8], "rotation": 270, "texture": "#0"},
				"up": {"uv": [0, 8, 8, 16], "texture": "#0"},
				"down": {"uv": [0, 8, 8, 16], "texture": "#0"}
			}
		},
		{
			"name": "2",
			"from": [7.5, 2.5, -0.5],
			"to": [11, 2.75, 3],
			"rotation": {"angle": -22.5, "axis": "y", "origin": [0, 0, 0]},
			"faces": {
				"north": {"uv": [0, 8, 8, 9], "texture": "#0"},
				"east": {"uv": [8, 16, 7, 8], "rotation": 270, "texture": "#0"},
				"south": {"uv": [0, 15, 8, 16], "texture": "#0"},
				"west": {"uv": [0, 16, 1, 8], "rotation": 270, "texture": "#0"},
				"up": {"uv": [0, 8, 8, 16], "texture": "#0"},
				"down": {"uv": [0, 8, 8, 16], "texture": "#0"}
			}
		},
		{
			"name": "cabbage",
			"from": [-5.35, 2.501, 6.9],
			"to": [4.65, 2.501, 16.9],
			"rotation": {"angle": 45, "axis": "y", "origin": [0, -1, 0]},
			"faces": {
				"up": {"uv": [8, 8, 16, 16], "rotation": 90, "texture": "#0"},
				"down": {"uv": [8, 16, 16, 8], "rotation": 270, "texture": "#0"}
			}
		},
		{
			"name": "1",
			"from": [4.5, 1, 4.5],
			"to": [11.5, 2.5, 11.5],
			"rotation": {"angle": 0, "axis": "y", "origin": [0, -1, 0]},
			"faces": {
				"up": {"uv": [9, 1, 15, 7], "rotation": 90, "texture": "#0"}
			}
		},
		{
			"name": "2",
			"from": [4.5, 1, 11.5],
			"to": [11.5, 2.5, 12.5],
			"rotation": {"angle": 0, "axis": "y", "origin": [0, -1, 0]},
			"faces": {
				"east": {"uv": [15, 1, 16, 2], "texture": "#0"},
				"south": {"uv": [15, 1, 16, 7], "rotation": 270, "texture": "#0"},
				"west": {"uv": [15, 6, 16, 7], "rotation": 270, "texture": "#0"},
				"up": {"uv": [15, 1, 16, 7], "rotation": 270, "texture": "#0"},
				"down": {"uv": [15, 1, 16, 7], "rotation": 270, "texture": "#0"}
			}
		},
		{
			"name": "3",
			"from": [11.5, 1, 4.5],
			"to": [12.5, 2.5, 11.5],
			"rotation": {"angle": 0, "axis": "y", "origin": [0, -1, 0]},
			"faces": {
				"north": {"uv": [10, 0, 9, 1], "texture": "#0"},
				"east": {"uv": [9, 0, 15, 1], "texture": "#0"},
				"south": {"uv": [15, 0, 14, 1], "texture": "#0"},
				"up": {"uv": [9, 1, 15, 0], "rotation": 270, "texture": "#0"},
				"down": {"uv": [9, 1, 15, 0], "rotation": 270, "texture": "#0"}
			}
		},
		{
			"name": "4",
			"from": [4.5, 1, 3.5],
			"to": [11.5, 2.5, 4.5],
			"rotation": {"angle": 0, "axis": "y", "origin": [0, -1, 0]},
			"faces": {
				"north": {"uv": [8, 7, 9, 1], "rotation": 270, "texture": "#0"},
				"east": {"uv": [8, 6, 9, 7], "texture": "#0"},
				"west": {"uv": [8, 1, 9, 2], "rotation": 270, "texture": "#0"},
				"up": {"uv": [8, 1, 9, 7], "rotation": 270, "texture": "#0"},
				"down": {"uv": [8, 1, 9, 7], "rotation": 270, "texture": "#0"}
			}
		},
		{
			"name": "5",
			"from": [3.5, 1, 4.5],
			"to": [4.5, 2.5, 11.5],
			"rotation": {"angle": 0, "axis": "y", "origin": [0, -1, 0]},
			"faces": {
				"north": {"uv": [15, 7, 14, 8], "texture": "#0"},
				"south": {"uv": [10, 7, 9, 8], "texture": "#0"},
				"west": {"uv": [15, 7, 9, 8], "texture": "#0"},
				"up": {"uv": [9, 8, 15, 7], "rotation": 270, "texture": "#0"},
				"down": {"uv": [9, 8, 15, 7], "rotation": 270, "texture": "#0"}
			}
		},
		{
			"name": "0",
			"from": [4.75, 4.75, 4.75],
			"to": [11.25, 5.75, 11.25],
			"rotation": {"angle": 0, "axis": "y", "origin": [0, -1, 0]},
			"faces": {
				"north": {"uv": [7, 1, 1, 2], "texture": "#0"},
				"east": {"uv": [6, 7, 7, 1], "rotation": 270, "texture": "#0"},
				"south": {"uv": [1, 6, 7, 7], "texture": "#0"},
				"west": {"uv": [1, 1, 2, 7], "rotation": 270, "texture": "#0"},
				"up": {"uv": [1, 1, 7, 7], "texture": "#0"}
			}
		},
		{
			"name": "1",
			"from": [4, 2.75, 4],
			"to": [12, 4.75, 12],
			"rotation": {"angle": 0, "axis": "y", "origin": [0, -1, 0]},
			"faces": {
				"north": {"uv": [8, 0, 0, 1], "texture": "#0"},
				"east": {"uv": [7, 8, 8, 0], "rotation": 270, "texture": "#0"},
				"south": {"uv": [0, 7, 8, 8], "texture": "#0"},
				"west": {"uv": [0, 0, 1, 8], "rotation": 270, "texture": "#0"},
				"up": {"uv": [0, 0, 8, 8], "texture": "#0"},
				"down": {"uv": [0, 8, 8, 0], "texture": "#0"}
			}
		},
		{
			"name": "0",
			"from": [4.25, 0, 4.15],
			"to": [11.75, 1, 11.65],
			"rotation": {"angle": 0, "axis": "y", "origin": [0, -1, 0]},
			"faces": {
				"north": {"uv": [0, 7, 8, 8], "texture": "#0"},
				"east": {"uv": [0, 0, 1, 8], "rotation": 270, "texture": "#0"},
				"south": {"uv": [8, 0, 0, 1], "texture": "#0"},
				"west": {"uv": [7, 0, 8, 8], "rotation": 270, "texture": "#0"},
				"up": {"uv": [0, 0, 8, 8], "rotation": 180, "texture": "#0"},
				"down": {"uv": [0, 8, 8, 0], "rotation": 180, "texture": "#0", "cullface": "down"}
			}
		},
		{
			"name": "0",
			"from": [4.6, 2.85, 11.75],
			"to": [5.6, 2.85, 12.75],
			"rotation": {"angle": 0, "axis": "y", "origin": [0, -1, 0]},
			"faces": {
				"up": {"uv": [2, 14, 3, 15], "texture": "#0"},
				"down": {"uv": [2, 15, 3, 14], "texture": "#0"}
			}
		},
		{
			"name": "1",
			"from": [4.6, 0.85, 12.75],
			"to": [5.6, 2.85, 12.75],
			"rotation": {"angle": 0, "axis": "y", "origin": [0, -1, 0]},
			"faces": {
				"north": {"uv": [2, 14, 0, 15], "rotation": 270, "texture": "#0"},
				"south": {"uv": [2, 14, 0, 15], "rotation": 270, "texture": "#0"}
			}
		}
	],
	"display": {
		"head": {
			"rotation": [0, 180, 0],
			"translation": [0, 16, 0],
			"scale": [3, 3, 3]
		}
	},
	"groups": [
		{
			"name": "parts",
			"origin": [0, 0, 0],
			"color": 0,
			"nbt": "{}",
			"children": [
				{
					"name": "sliced_tomato",
					"origin": [8, 8, 8],
					"color": 0,
					"nbt": "{}",
					"children": [0, 1, 2]
				},
				3,
				{
					"name": "beef_patty",
					"origin": [0, 0, 0],
					"color": 0,
					"nbt": "{}",
					"children": [4, 5, 6, 7, 8]
				},
				{
					"name": "Upper_buns",
					"origin": [8, 8, 8],
					"color": 0,
					"nbt": "{}",
					"children": [9, 10]
				},
				{
					"name": "Lower_buns",
					"origin": [8, 8, 8],
					"color": 0,
					"nbt": "{}",
					"children": [11]
				},
				{
					"name": "ketchup",
					"origin": [8, 8, 8],
					"color": 0,
					"nbt": "{}",
					"children": [12, 13]
				}
			]
		}
	]
}