{
	"credit": "Made with Blockbench",
	"texture_size": [64, 64],
	"textures": {
		"0": "taxdl:block/item/dragon_sword",
		"particle": "taxdl:block/item/dragon_sword"
	},
	"elements": [
		{
			"from": [7, 2, 7],
			"to": [9, 10, 9],
			"rotation": {"angle": 0, "axis": "y", "origin": [7, 2, 7]},
			"faces": {
				"north": {"uv": [4, 4.5, 4.5, 6.5], "texture": "#0"},
				"east": {"uv": [4.5, 4.75, 5, 6.75], "texture": "#0"},
				"south": {"uv": [5, 4.75, 5.5, 6.75], "texture": "#0"},
				"west": {"uv": [2.5, 5.25, 3, 7.25], "texture": "#0"},
				"up": {"uv": [2.25, 7, 1.75, 6.5], "texture": "#0"},
				"down": {"uv": [2, 7, 1.5, 7.5], "texture": "#0"}
			}
		},
		{
			"from": [6.5, -1, 6],
			"to": [9.5, 2, 10],
			"rotation": {"angle": 0, "axis": "y", "origin": [7.5, 0, 7]},
			"faces": {
				"north": {"uv": [6, 2, 6.75, 2.75], "texture": "#0"},
				"east": {"uv": [5.5, 3.5, 6.5, 4.25], "texture": "#0"},
				"south": {"uv": [5.5, 6, 6.25, 6.75], "texture": "#0"},
				"west": {"uv": [5.5, 4.25, 6.5, 5], "texture": "#0"},
				"up": {"uv": [2.5, 6.5, 1.75, 5.5], "texture": "#0"},
				"down": {"uv": [6.25, 5, 5.5, 6], "texture": "#0"}
			}
		},
		{
			"from": [3, 9.75, 6],
			"to": [13, 11.75, 10],
			"rotation": {"angle": 0, "axis": "y", "origin": [7, 9.75, 7]},
			"faces": {
				"north": {"uv": [4.5, 1, 7, 1.5], "texture": "#0"},
				"east": {"uv": [0.75, 6.25, 1.75, 6.75], "texture": "#0"},
				"south": {"uv": [4.5, 1.5, 7, 2], "texture": "#0"},
				"west": {"uv": [3, 6.25, 4, 6.75], "texture": "#0"},
				"up": {"uv": [2.5, 5.5, 0, 4.5], "texture": "#0"},
				"down": {"uv": [7, 0, 4.5, 1], "texture": "#0"}
			}
		},
		{
			"from": [5.25, 10.8, 6.5],
			"to": [10.75, 29, 9.5],
			"rotation": {"angle": 0, "axis": "y", "origin": [8, 10.8, 7]},
			"faces": {
				"north": {"uv": [0, 0, 1.5, 4.5], "texture": "#0"},
				"east": {"uv": [3, 0, 3.75, 4.5], "texture": "#0"},
				"south": {"uv": [1.5, 0, 3, 4.5], "texture": "#0"},
				"west": {"uv": [3.75, 0, 4.5, 4.5], "texture": "#0"},
				"up": {"uv": [6, 2.75, 4.5, 2], "texture": "#0"},
				"down": {"uv": [4, 4.5, 2.5, 5.25], "texture": "#0"}
			}
		},
		{
			"from": [5.3, 27.2, 6.6],
			"to": [9.3, 31.2, 9.4],
			"rotation": {"angle": -45, "axis": "z", "origin": [7.3, 28.2, 7]},
			"faces": {
				"north": {"uv": [4.5, 2.75, 5.5, 3.75], "texture": "#0"},
				"east": {"uv": [3, 5.25, 3.75, 6.25], "texture": "#0"},
				"south": {"uv": [4.5, 3.75, 5.5, 4.75], "texture": "#0"},
				"west": {"uv": [0, 5.5, 0.75, 6.5], "texture": "#0"},
				"up": {"uv": [1.75, 6.25, 0.75, 5.5], "texture": "#0"},
				"down": {"uv": [6.5, 2.75, 5.5, 3.5], "texture": "#0"}
			}
		},
		{
			"from": [6, 10.7, 7.1],
			"to": [7, 11.7, 8.9],
			"rotation": {"angle": -45, "axis": "z", "origin": [5, 9.7, 7]},
			"faces": {
				"north": {"uv": [0.5, 6.5, 0.75, 6.75], "texture": "#0"},
				"east": {"uv": [0, 6.5, 0.5, 6.75], "texture": "#0"},
				"south": {"uv": [1.5, 6.75, 1.75, 7], "texture": "#0"},
				"west": {"uv": [4, 6.5, 4.5, 6.75], "texture": "#0"},
				"up": {"uv": [7.75, 8, 7.5, 7.5], "texture": "#0"},
				"down": {"uv": [2.5, 7.75, 2.25, 8.25], "texture": "#0"}
			}
		},
		{
			"from": [7.8, 10.7, 7.1],
			"to": [8.8, 11.7, 8.9],
			"rotation": {"angle": -45, "axis": "z", "origin": [6.8, 9.7, 7]},
			"faces": {
				"north": {"uv": [4, 7.75, 4.25, 8], "texture": "#0"},
				"east": {"uv": [2.5, 7.75, 3, 8], "texture": "#0"},
				"south": {"uv": [4.25, 7.75, 4.5, 8], "texture": "#0"},
				"west": {"uv": [3, 7.75, 3.5, 8], "texture": "#0"},
				"up": {"uv": [3.75, 8.25, 3.5, 7.75], "texture": "#0"},
				"down": {"uv": [4, 7.75, 3.75, 8.25], "texture": "#0"}
			}
		},
		{
			"from": [4.8, 12, 6],
			"to": [5.3, 12.5, 9.9],
			"rotation": {"angle": 0, "axis": "y", "origin": [3.3, 12, 7]},
			"faces": {
				"north": {"uv": [4.5, 7.75, 4.75, 8], "texture": "#0"},
				"east": {"uv": [3, 7, 4, 7.25], "texture": "#0"},
				"south": {"uv": [4.75, 7.75, 5, 8], "texture": "#0"},
				"west": {"uv": [4, 7, 5, 7.25], "texture": "#0"},
				"up": {"uv": [4, 6.25, 3.75, 5.25], "texture": "#0"},
				"down": {"uv": [2.5, 6.5, 2.25, 7.5], "texture": "#0"}
			}
		},
		{
			"from": [10.8, 12, 6],
			"to": [11.3, 12.5, 9.9],
			"rotation": {"angle": 0, "axis": "y", "origin": [9.3, 12, 7]},
			"faces": {
				"north": {"uv": [5, 7.75, 5.25, 8], "texture": "#0"},
				"east": {"uv": [5, 7, 6, 7.25], "texture": "#0"},
				"south": {"uv": [7.75, 5, 8, 5.25], "texture": "#0"},
				"west": {"uv": [6, 7, 7, 7.25], "texture": "#0"},
				"up": {"uv": [2.25, 8, 2, 7], "texture": "#0"},
				"down": {"uv": [7.25, 7, 7, 8], "texture": "#0"}
			}
		},
		{
			"from": [5.3, 12, 6],
			"to": [11.2, 12.5, 6.5],
			"rotation": {"angle": 0, "axis": "y", "origin": [8.3, 12, 8]},
			"faces": {
				"north": {"uv": [6.25, 5, 7.75, 5.25], "texture": "#0"},
				"east": {"uv": [7.75, 5.25, 8, 5.5], "texture": "#0"},
				"south": {"uv": [6.25, 5.25, 7.75, 5.5], "texture": "#0"},
				"west": {"uv": [7.75, 5.5, 8, 5.75], "texture": "#0"},
				"up": {"uv": [7.75, 5.75, 6.25, 5.5], "texture": "#0"},
				"down": {"uv": [7.75, 5.75, 6.25, 6], "texture": "#0"}
			}
		},
		{
			"from": [5.3, 12, 9.4],
			"to": [11.2, 12.5, 9.9],
			"rotation": {"angle": 0, "axis": "y", "origin": [8.3, 12, 11.4]},
			"faces": {
				"north": {"uv": [6.25, 6, 7.75, 6.25], "texture": "#0"},
				"east": {"uv": [7.75, 5.75, 8, 6], "texture": "#0"},
				"south": {"uv": [6.25, 6.25, 7.75, 6.5], "texture": "#0"},
				"west": {"uv": [6, 7.75, 6.25, 8], "texture": "#0"},
				"up": {"uv": [8, 3, 6.5, 2.75], "texture": "#0"},
				"down": {"uv": [8, 3, 6.5, 3.25], "texture": "#0"}
			}
		},
		{
			"from": [4.8, 17, 6],
			"to": [5.3, 17.5, 9.9],
			"rotation": {"angle": 0, "axis": "y", "origin": [3.3, 17, 7]},
			"faces": {
				"north": {"uv": [7.75, 6, 8, 6.25], "texture": "#0"},
				"east": {"uv": [0, 7.25, 1, 7.5], "texture": "#0"},
				"south": {"uv": [6.25, 7.75, 6.5, 8], "texture": "#0"},
				"west": {"uv": [2.5, 7.25, 3.5, 7.5], "texture": "#0"},
				"up": {"uv": [1.25, 8.25, 1, 7.25], "texture": "#0"},
				"down": {"uv": [1.5, 7.25, 1.25, 8.25], "texture": "#0"}
			}
		},
		{
			"from": [10.8, 17, 6],
			"to": [11.3, 17.5, 9.9],
			"rotation": {"angle": 0, "axis": "y", "origin": [9.3, 17, 7]},
			"faces": {
				"north": {"uv": [7.75, 6.25, 8, 6.5], "texture": "#0"},
				"east": {"uv": [3.5, 7.25, 4.5, 7.5], "texture": "#0"},
				"south": {"uv": [6.5, 7.75, 6.75, 8], "texture": "#0"},
				"west": {"uv": [4.5, 7.25, 5.5, 7.5], "texture": "#0"},
				"up": {"uv": [5.75, 8.25, 5.5, 7.25], "texture": "#0"},
				"down": {"uv": [6, 7.25, 5.75, 8.25], "texture": "#0"}
			}
		},
		{
			"from": [5.3, 17, 6],
			"to": [11.2, 17.5, 6.5],
			"rotation": {"angle": 0, "axis": "y", "origin": [8.3, 17, 8]},
			"faces": {
				"north": {"uv": [6.5, 3.25, 8, 3.5], "texture": "#0"},
				"east": {"uv": [7.75, 6.5, 8, 6.75], "texture": "#0"},
				"south": {"uv": [6.5, 3.5, 8, 3.75], "texture": "#0"},
				"west": {"uv": [6.75, 7.75, 7, 8], "texture": "#0"},
				"up": {"uv": [8, 4, 6.5, 3.75], "texture": "#0"},
				"down": {"uv": [8, 4, 6.5, 4.25], "texture": "#0"}
			}
		},
		{
			"from": [5.3, 17, 9.4],
			"to": [11.2, 17.5, 9.9],
			"rotation": {"angle": 0, "axis": "y", "origin": [8.3, 17, 11.4]},
			"faces": {
				"north": {"uv": [6.5, 4.25, 8, 4.5], "texture": "#0"},
				"east": {"uv": [7.75, 7.5, 8, 7.75], "texture": "#0"},
				"south": {"uv": [6.5, 4.5, 8, 4.75], "texture": "#0"},
				"west": {"uv": [7.75, 7.75, 8, 8], "texture": "#0"},
				"up": {"uv": [8, 5, 6.5, 4.75], "texture": "#0"},
				"down": {"uv": [7.75, 6.5, 6.25, 6.75], "texture": "#0"}
			}
		},
		{
			"from": [4.8, 22, 6],
			"to": [5.3, 22.5, 9.9],
			"rotation": {"angle": 0, "axis": "y", "origin": [3.3, 22, 7]},
			"faces": {
				"north": {"uv": [2, 8, 2.25, 8.25], "texture": "#0"},
				"east": {"uv": [6, 7.25, 7, 7.5], "texture": "#0"},
				"south": {"uv": [2.5, 8, 2.75, 8.25], "texture": "#0"},
				"west": {"uv": [7.25, 7, 8.25, 7.25], "texture": "#0"},
				"up": {"uv": [7.5, 8.25, 7.25, 7.25], "texture": "#0"},
				"down": {"uv": [0.25, 7.5, 0, 8.5], "texture": "#0"}
			}
		},
		{
			"from": [10.8, 22, 6],
			"to": [11.3, 22.5, 9.9],
			"rotation": {"angle": 0, "axis": "y", "origin": [9.3, 22, 7]},
			"faces": {
				"north": {"uv": [2.75, 8, 3, 8.25], "texture": "#0"},
				"east": {"uv": [2.25, 7.5, 3.25, 7.75], "texture": "#0"},
				"south": {"uv": [8, 2.75, 8.25, 3], "texture": "#0"},
				"west": {"uv": [3.25, 7.5, 4.25, 7.75], "texture": "#0"},
				"up": {"uv": [0.5, 8.5, 0.25, 7.5], "texture": "#0"},
				"down": {"uv": [0.75, 7.5, 0.5, 8.5], "texture": "#0"}
			}
		},
		{
			"from": [5.3, 22, 6],
			"to": [11.2, 22.5, 6.5],
			"rotation": {"angle": 0, "axis": "y", "origin": [8.3, 22, 8]},
			"faces": {
				"north": {"uv": [0, 6.75, 1.5, 7], "texture": "#0"},
				"east": {"uv": [3, 8, 3.25, 8.25], "texture": "#0"},
				"south": {"uv": [6.75, 2, 8.25, 2.25], "texture": "#0"},
				"west": {"uv": [8, 3, 8.25, 3.25], "texture": "#0"},
				"up": {"uv": [8.25, 2.5, 6.75, 2.25], "texture": "#0"},
				"down": {"uv": [8.25, 2.5, 6.75, 2.75], "texture": "#0"}
			}
		},
		{
			"from": [5.3, 22, 9.4],
			"to": [11.2, 22.5, 9.9],
			"rotation": {"angle": 0, "axis": "y", "origin": [8.3, 22, 11.4]},
			"faces": {
				"north": {"uv": [3, 6.75, 4.5, 7], "texture": "#0"},
				"east": {"uv": [3.25, 8, 3.5, 8.25], "texture": "#0"},
				"south": {"uv": [4.5, 6.75, 6, 7], "texture": "#0"},
				"west": {"uv": [8, 3.25, 8.25, 3.5], "texture": "#0"},
				"up": {"uv": [7.5, 7, 6, 6.75], "texture": "#0"},
				"down": {"uv": [1.5, 7, 0, 7.25], "texture": "#0"}
			}
		},
		{
			"from": [4.8, 27, 6],
			"to": [5.3, 27.5, 9.9],
			"rotation": {"angle": 0, "axis": "y", "origin": [3.3, 27, 7]},
			"faces": {
				"north": {"uv": [8, 3.5, 8.25, 3.75], "texture": "#0"},
				"east": {"uv": [4.25, 7.5, 5.25, 7.75], "texture": "#0"},
				"south": {"uv": [8, 3.75, 8.25, 4], "texture": "#0"},
				"west": {"uv": [6, 7.5, 7, 7.75], "texture": "#0"},
				"up": {"uv": [1, 8.5, 0.75, 7.5], "texture": "#0"},
				"down": {"uv": [1.75, 7.5, 1.5, 8.5], "texture": "#0"}
			}
		},
		{
			"from": [10.8, 27, 6],
			"to": [11.3, 27.5, 9.9],
			"rotation": {"angle": 0, "axis": "y", "origin": [9.3, 27, 7]},
			"faces": {
				"north": {"uv": [4, 8, 4.25, 8.25], "texture": "#0"},
				"east": {"uv": [7.5, 6.75, 8.5, 7], "texture": "#0"},
				"south": {"uv": [8, 4, 8.25, 4.25], "texture": "#0"},
				"west": {"uv": [7.5, 7.25, 8.5, 7.5], "texture": "#0"},
				"up": {"uv": [2, 8.5, 1.75, 7.5], "texture": "#0"},
				"down": {"uv": [5.5, 7.5, 5.25, 8.5], "texture": "#0"}
			}
		},
		{
			"from": [5.3, 27, 6],
			"to": [11.2, 27.5, 6.5],
			"rotation": {"angle": 0, "axis": "y", "origin": [8.3, 27, 8]},
			"faces": {
				"north": {"uv": [7, 0, 8.5, 0.25], "texture": "#0"},
				"east": {"uv": [4.25, 8, 4.5, 8.25], "texture": "#0"},
				"south": {"uv": [7, 0.25, 8.5, 0.5], "texture": "#0"},
				"west": {"uv": [8, 4.25, 8.25, 4.5], "texture": "#0"},
				"up": {"uv": [8.5, 0.75, 7, 0.5], "texture": "#0"},
				"down": {"uv": [8.5, 0.75, 7, 1], "texture": "#0"}
			}
		},
		{
			"from": [5.3, 27, 9.4],
			"to": [11.2, 27.5, 9.9],
			"rotation": {"angle": 0, "axis": "y", "origin": [8.3, 27, 11.4]},
			"faces": {
				"north": {"uv": [7, 1, 8.5, 1.25], "texture": "#0"},
				"east": {"uv": [4.5, 8, 4.75, 8.25], "texture": "#0"},
				"south": {"uv": [7, 1.25, 8.5, 1.5], "texture": "#0"},
				"west": {"uv": [8, 4.5, 8.25, 4.75], "texture": "#0"},
				"up": {"uv": [8.5, 1.75, 7, 1.5], "texture": "#0"},
				"down": {"uv": [8.5, 1.75, 7, 2], "texture": "#0"}
			}
		}
	],
	"display": {
		"thirdperson_righthand": {
			"rotation": [-148.78, -80.65, -147.98],
			"translation": [0, 1, 2.25]
		}
	},
	"groups": [
		0,
		1,
		2,
		3,
		4,
		5,
		6,
		{
			"name": "group",
			"origin": [8, 8, 8],
			"color": 0,
			"children": [7, 8, 9, 10]
		},
		{
			"name": "group",
			"origin": [8, 8, 8],
			"color": 0,
			"children": [11, 12, 13, 14]
		},
		{
			"name": "group",
			"origin": [8, 8, 8],
			"color": 0,
			"children": [15, 16, 17, 18]
		},
		{
			"name": "group",
			"origin": [8, 8, 8],
			"color": 0,
			"children": [19, 20, 21, 22]
		}
	]
}