{
	"credit": "Made with Blockbench",
	"parent": "block/block",
	"texture_size": [32, 32],
	"textures": {
		"1": "farmers3d:bowl"
	},
	"elements": [
		{
			"name": "0",
			"from": [5, 0, 5],
			"to": [11, 1, 11],
			"rotation": {"angle": 0, "axis": "y", "origin": [7, 0, 8]},
			"faces": {
				"north": {"uv": [8, 7, 0, 8], "texture": "#1"},
				"east": {"uv": [7, 0, 8, 8], "rotation": 270, "texture": "#1"},
				"south": {"uv": [0, 0, 8, 1], "texture": "#1"},
				"west": {"uv": [0, 8, 1, 0], "rotation": 270, "texture": "#1"},
				"up": {"uv": [0, 0, 8, 8], "texture": "#1"},
				"down": {"uv": [8, 0, 16, 8], "texture": "#1"}
			}
		},
		{
			"name": "1",
			"from": [11, 1, 5],
			"to": [12, 4, 11],
			"rotation": {"angle": 0, "axis": "y", "origin": [14, 1, 8]},
			"faces": {
				"north": {"uv": [8, 12, 9, 15], "texture": "#1"},
				"east": {"uv": [16, 12, 8, 15], "texture": "#1"},
				"south": {"uv": [15, 12, 16, 15], "texture": "#1"},
				"west": {"uv": [0, 8.5, 8, 11], "texture": "#1"},
				"up": {"uv": [8, 12, 16, 11], "rotation": 270, "texture": "#1"},
				"down": {"uv": [8, 13, 0, 14], "rotation": 270, "texture": "#1"}
			}
		},
		{
			"name": "2",
			"from": [5, 1, 4],
			"to": [11, 4, 5],
			"rotation": {"angle": 0, "axis": "y", "origin": [8, 1, 2]},
			"faces": {
				"north": {"uv": [8, 11, 0, 14], "texture": "#1"},
				"east": {"uv": [7, 11, 8, 14], "texture": "#1"},
				"south": {"uv": [0, 8, 8, 11], "texture": "#1"},
				"west": {"uv": [0, 11, 1, 14], "texture": "#1"},
				"up": {"uv": [16, 8, 8, 9], "texture": "#1"},
				"down": {"uv": [0, 13, 8, 14], "texture": "#1"}
			}
		},
		{
			"name": "3",
			"from": [4, 1, 5],
			"to": [5, 4, 11],
			"rotation": {"angle": 0, "axis": "y", "origin": [2, 1, 8]},
			"faces": {
				"north": {"uv": [0, 11, 1, 14], "texture": "#1"},
				"east": {"uv": [8, 8, 0, 11], "texture": "#1"},
				"south": {"uv": [7, 11, 8, 14], "texture": "#1"},
				"west": {"uv": [0, 11, 8, 14], "texture": "#1"},
				"up": {"uv": [8, 9, 16, 10], "rotation": 270, "texture": "#1"},
				"down": {"uv": [0, 13, 8, 14], "rotation": 270, "texture": "#1"}
			}
		},
		{
			"name": "4",
			"from": [5, 1, 11],
			"to": [11, 4, 12],
			"rotation": {"angle": 0, "axis": "y", "origin": [8, 1, 14]},
			"faces": {
				"north": {"uv": [0, 8, 8, 11], "texture": "#1"},
				"east": {"uv": [15, 12, 16, 15], "texture": "#1"},
				"south": {"uv": [8, 12, 16, 15], "texture": "#1"},
				"west": {"uv": [8, 12, 9, 15], "texture": "#1"},
				"up": {"uv": [8, 10, 16, 11], "texture": "#1"},
				"down": {"uv": [0, 13, 8, 14], "texture": "#1"}
			}
		}
	],
	"gui_light": "front",
	"overrides": [
		{"predicate": {"custom_model_data": 1}, "model": "farmers3d:flat_bowl"}
	],
	"display": {
		"thirdperson_righthand": {
			"rotation": [75, 135, 0],
			"translation": [0, 4.75, 4.75],
			"scale": [0.8, 0.8, 0.8]
		},
		"firstperson_righthand": {
			"rotation": [0, 135, 0],
			"translation": [0, 7, 0]
		},
        "ground": {
            "rotation": [ 0, 0, 0 ],
            "translation": [ 0, 3, 0],
            "scale":[ 0.5, 0.5, 0.5 ]
        },
		"gui": {
			"rotation": [-150, 20, 180],
			"translation": [0, 6, 0],
			"scale": [1.4, 1.4, 1.4]
		},
		"head": {
			"rotation": [0, 0, 180],
			"translation": [0, -9, 0],
			"scale": [2.25, 2.25, 2.25]
		},
		"fixed": {
			"rotation": [-90, 0, 0],
			"translation": [0, 0, -24],
			"scale": [3, 3, 3]
		}
	},
	"groups": [
		{
			"name": "donburi",
			"origin": [7, 0, 8],
			"color": 0,
			"nbt": "{}",
			"children": [0, 1, 2, 3, 4]
		}
	]
}